18 karat yellow gold Tang|Buckle|band.buckle
18 kt Rose Gold Tang|Buckle|band.buckle
18 kt White Gold Tang|Buckle|band.buckle
18 kt gold tang|Buckle|band.buckle
18 kt rose gold tang set with 29 diamonds|Buckle|band.buckle
18 kt white gold Tang set with 29 diamonds|Buckle|band.buckle
18-carat pink gold pin buckle|Buckle|band.buckle
18K Pink Gold Ardillon Buckle|Buckle|band.buckle
18K Pink Gold Tang|Buckle|band.buckle
"18K Rose Gold, Pin buckle"|Buckle|band.buckle
18K White Gold Ardillon Buckle|Buckle|band.buckle
18K White Gold Ardillon Buckle Set with 80 Brillia|Buckle|band.buckle
18K White Gold tang|Buckle|band.buckle
18K Yellow Gold Buckle|Buckle|band.buckle
18k Pink Gold Ardillon Buckle|Buckle|band.buckle
18k Rose Gold Pin Buckle|Buckle|band.buckle
18k Rose Gold Tang|Buckle|band.buckle
18k Rose Gold pin buckle|Buckle|band.buckle
18k Rose Gold prong Buckle|Buckle|band.buckle
18k White Gold Pin Buckle|Buckle|band.buckle
18k gold buckle|Buckle|band.buckle
18k gold tang buckle|Buckle|band.buckle
18k rose gold tang|Buckle|band.buckle
18k white gold tang buckle|Buckle|band.buckle
"18kt ""Ardillon"""|Buckle|band.buckle
18kt Pink Gold|Buckle|band.buckle
18kt Pink Gold Tang|Buckle|band.buckle
18kt Rose Gold Ardillon Tang|Buckle|band.buckle
18kt Rose Gold Pin Buckle|Buckle|band.buckle
18kt Rose Gold Tang|Buckle|band.buckle
18kt White Gold Buckle|Buckle|band.buckle
18kt White Gold Tang|Buckle|band.buckle
18kt Yellow Gold Ardillon|Buckle|band.buckle
18kt Yellow Gold Buckle|Buckle|band.buckle
18kt Yellow Gold Tang|Buckle|band.buckle
18kt pink gold pin buckle|Buckle|band.buckle
18kt tang buckle closure|Buckle|band.buckle
18kt white gold tang buckle|Buckle|band.buckle
18kt yellow gold tang buckle|Buckle|band.buckle
316 Stainless Steel Tang Buckle|Buckle|band.buckle
316L Stainless Steel Tang|Buckle|band.buckle
316L Stainless Steel Tang Buckle with Etched Crown|Buckle|band.buckle
316L Stainless Steel Tang Buckle with Etched Logo|Buckle|band.buckle
316L Stainless Steel Tang with an Etched Logo|Buckle|band.buckle
Adjustable Stainless Steel Tang|Buckle|band.buckle
Adjustable buckle|Buckle|band.buckle
Aedillon Buckle|Buckle|band.buckle
Aluminium Tang|Buckle|band.buckle
Ardillion Pin Buckle|Buckle|band.buckle
Ardillon|Buckle|band.buckle
Ardillon Buckle|Buckle|band.buckle
Ardillon Pin Buckle|Buckle|band.buckle
Ardillon Tang|Buckle|band.buckle
Ardillon buckle|Buckle|band.buckle
Black DLC Titanium Buckle|Buckle|band.buckle
Black Fibreglass Tang|Buckle|band.buckle
Black PVD Stainless Steel Tang|Buckle|band.buckle
Brooklyn Bridge Arched Tang|Buckle|band.buckle
Brooklyn Bridge arched Tang|Buckle|band.buckle
Buckle|Buckle|band.buckle
Buckle - set with brilliant-cut diamonds|Buckle|band.buckle
Buckle 13 brilliant-cut diamonds (approx. 0.1 ct)|Buckle|band.buckle
"Buckle 14 brilliant-cut diamonds  0,118 cts"|Buckle|band.buckle
Buckle 27 diamonds (0.21 ct)|Buckle|band.buckle
Buckle 27 diamonds (~0.21 ct)|Buckle|band.buckle
Buckle Titanium|Buckle|band.buckle
Buckle set with 27 diamonds (0.20 ct.)|Buckle|band.buckle
Buckle set with 32 diamonds (0.23 ct.)|Buckle|band.buckle
Buckle with 30 brilliant-cut diamonds (~0.33 carat|Buckle|band.buckle
Buckle with Diamond set|Buckle|band.buckle
Buckle with Roman Numeral Markers|Buckle|band.buckle
Ceramic Tang|Buckle|band.buckle
Clevis Prong Buckle|Buckle|band.buckle
Diamond Buckle|Buckle|band.buckle
Diamond Set Buckle|Buckle|band.buckle
Diamond Set18kt Rose Gold Buckle|Buckle|band.buckle
Diamond-Set Tang (0.3 ct)|Buckle|band.buckle
Diver Buckle|Buckle|band.buckle
Diver Tang Buckle|Buckle|band.buckle
Diver buckle|Buckle|band.buckle
Double Buckle|Buckle|band.buckle
Double Pin Buckle|Buckle|band.buckle
Hook Buckle|Buckle|band.buckle
Hook buckle|Buckle|band.buckle
Overlapping|Buckle|band.buckle
Personalized Brushed and Polished Tang|Buckle|band.buckle
Pin|Buckle|band.buckle
Pin & Buckle|Buckle|band.buckle
Pin Buckle|Buckle|band.buckle
Pin Buckle 65 diamonds: ~0.29 ct. 82 blue sapphire|Buckle|band.buckle
Pin and Buckle|Buckle|band.buckle
Pin buckle|Buckle|band.buckle
Pin buckle/ardillon|Buckle|band.buckle
Pink|Buckle|band.buckle
Pinn Buckle|Buckle|band.buckle
Platinum 950 Ardillon Buckle|Buckle|band.buckle
Platinum Tang|Buckle|band.buckle
Platinum Tang Buckle|Buckle|band.buckle
Prong Buckle|Buckle|band.buckle
Prong Buckle 26 Diamond Set  (~0.18 ct)|Buckle|band.buckle
Prong Buckle 27 Diamond Set (~0.21)|Buckle|band.buckle
Prong Buckle 27 diamonds (~0.21 ct)|Buckle|band.buckle
Prong Buckle 27 diamonds (~0.21 ct.)|Buckle|band.buckle
Prong Buckle Set with 32 Diamonds|Buckle|band.buckle
Prong Buckle set with 27 Diamonds|Buckle|band.buckle
Prong buckle|Buckle|band.buckle
Prong buckle 26 diamonds (~0.15 ct)|Buckle|band.buckle
Prong buckle set with 27 diamonds (~0.2 ct)|Buckle|band.buckle
Prong buckle set with 27 diamonds (~0.21 ct)|Buckle|band.buckle
Prong buckle set with 27 diamonds (~0.21 ct.)|Buckle|band.buckle
Reserve Buckle|Buckle|band.buckle
Rose Gold AP Tang Buckle|Buckle|band.buckle
Rose Gold Buckle|Buckle|band.buckle
Rose Gold Tang|Buckle|band.buckle
Rose gold ardillon buckle set with 17 brilliant-cu|Buckle|band.buckle
Single Buckle|Buckle|band.buckle
Single Prong Strap Buckle|Buckle|band.buckle
Single Tang Buckle with etched logo|Buckle|band.buckle
Single buckle|Buckle|band.buckle
Skeletal Buckle|Buckle|band.buckle
Slding Buckle|Buckle|band.buckle
Slding buckle|Buckle|band.buckle
Sliding Buckle|Buckle|band.buckle
Sliding buckle|Buckle|band.buckle
Special Buckle|Buckle|band.buckle
Stainless Steel Personalized Tang|Buckle|band.buckle
Stainless Steel PinkTang|Buckle|band.buckle
Stainless Steel Tang|Buckle|band.buckle
Stainless Steel Tang Buckle|Buckle|band.buckle
Stainless Steel Tang with Chopard Insignia|Buckle|band.buckle
Stainless Steel tang buckle with Chopard insignia|Buckle|band.buckle
Standard Buckle|Buckle|band.buckle
Steel Ardillon|Buckle|band.buckle
Tang|Buckle|band.buckle
Tang Black PVD|Buckle|band.buckle
Tang Buckle|Buckle|band.buckle
Tang Buckle with Etched Logo|Buckle|band.buckle
Tang Stainless Steel|Buckle|band.buckle
Tang Titanium|Buckle|band.buckle
Tang buckle|Buckle|band.buckle
Tang buckle with engraved Burgi logo|Buckle|band.buckle
Tang in Stainless Steel|Buckle|band.buckle
Tang set with Diamonds|Buckle|band.buckle
Tang set wtih 41 diamonds|Buckle|band.buckle
Tang with Etched Logo|Buckle|band.buckle
Tang with Etched Reserve Logo|Buckle|band.buckle
Tang with engraved Akribos XXIV logo|Buckle|band.buckle
Tang with engraved Burgi logo|Buckle|band.buckle
Tang/Pin with 38 brilliant-cut diamonds (weighing|Buckle|band.buckle
Titanium Buckle|Buckle|band.buckle
Titanium Pin Buckle|Buckle|band.buckle
Titanium Tang|Buckle|band.buckle
Titanium pin buckle|Buckle|band.buckle
Tongue Buckle|Buckle|band.buckle
White Gold AP Tang Buckle|Buckle|band.buckle
White Gold Tang|Buckle|band.buckle
White gold buckle|Buckle|band.buckle
Yellow Gold PVD Tang|Buckle|band.buckle
buckle|Buckle|band.buckle
pin|Buckle|band.buckle
stainless steel tang buckle|Buckle|band.buckle
tang|Buckle|band.buckle
tang buckle|Buckle|band.buckle
18K White Gold Butterfly|Butterfly Clasp|band.buckle
18k Rose Gold Butterfly Buckle|Butterfly Clasp|band.buckle
18k White Gold Butterfly|Butterfly Clasp|band.buckle
18k White Gold Butterfly Buckle|Butterfly Clasp|band.buckle
Butter fly|Butterfly Clasp|band.buckle
ButterFly Deployment|Butterfly Clasp|band.buckle
Butterfly|Butterfly Clasp|band.buckle
Butterfly Buckle|Butterfly Clasp|band.buckle
Butterfly Clasp|Butterfly Clasp|band.buckle
Butterfly Deployant|Butterfly Clasp|band.buckle
Butterfly Deployment|Butterfly Clasp|band.buckle
Butterfly Fold Over|Butterfly Clasp|band.buckle
Butterfly Folding|Butterfly Clasp|band.buckle
Butterfly Hidden Deployment|Butterfly Clasp|band.buckle
Butterfly bracelet closure|Butterfly Clasp|band.buckle
Butterfly buckle|Butterfly Clasp|band.buckle
Butterfly deployment|Butterfly Clasp|band.buckle
Buttery|Butterfly Clasp|band.buckle
Dual Butterfly|Butterfly Clasp|band.buckle
Fold Over Butterfly|Butterfly Clasp|band.buckle
Hidden Butterfly|Butterfly Clasp|band.buckle
Hidden Deployment Butterfly|Butterfly Clasp|band.buckle
Hidden butterfly|Butterfly Clasp|band.buckle
Hidden butterfly clasp|Butterfly Clasp|band.buckle
Titanium Butterfly|Butterfly Clasp|band.buckle
butterfly|Butterfly Clasp|band.buckle
 Clasp Closure|Deployant Clasp|band.buckle
18 kt Rose Gold Fold Over Tang|Deployant Clasp|band.buckle
18-carat white gold AP folding|Deployant Clasp|band.buckle
18K Gold Deployment Buckle|Deployant Clasp|band.buckle
18K King Gold Deployant Buckle|Deployant Clasp|band.buckle
18K King Gold and Black-plated Titanium Deployant|Deployant Clasp|band.buckle
18K King Gold with gold plated titanium deployant|Deployant Clasp|band.buckle
18K Pink Gold Fold Over|Deployant Clasp|band.buckle
18K White Gold Deployment|Deployant Clasp|band.buckle
18K Yellow Gold Deployment|Deployant Clasp|band.buckle
18K king gold folding clasp|Deployant Clasp|band.buckle
18K white gold deployable|Deployant Clasp|band.buckle
18K yellow gold Deployment|Deployant Clasp|band.buckle
18k Pink Gold Deployant|Deployant Clasp|band.buckle
18k Pink Gold Deployant Buckle|Deployant Clasp|band.buckle
18k Rose Gold Deployment|Deployant Clasp|band.buckle
18k Rose Gold Double Adjustable Deployment|Deployant Clasp|band.buckle
18k Rose Gold Skeletonized AP Fold Over|Deployant Clasp|band.buckle
18k Rose Gold Triple Fold Over Buckle|Deployant Clasp|band.buckle
18k Rose Gold folding clasp|Deployant Clasp|band.buckle
18k Rose Gold folding pin buckle|Deployant Clasp|band.buckle
18k Rose Gold w/ ADLC coating - Deployment Buckle|Deployant Clasp|band.buckle
18k White Gold AP Deployment|Deployant Clasp|band.buckle
18k White Gold Adjustable Deployment Buckle|Deployant Clasp|band.buckle
18k White Gold Deployant Buckle|Deployant Clasp|band.buckle
18k White Gold Deployment|Deployant Clasp|band.buckle
18k White Gold Deployment Buckle|Deployant Clasp|band.buckle
18k Yellow Gold Adjustable Deployment|Deployant Clasp|band.buckle
18k Yellow Gold Fold over|Deployant Clasp|band.buckle
18k gold Fold Over|Deployant Clasp|band.buckle
18k rose gold Fold Over|Deployant Clasp|band.buckle
18k rose gold folding pin buckle|Deployant Clasp|band.buckle
18k white gold double adjustable deployment buckle|Deployant Clasp|band.buckle
18kt Gold Deployment|Deployant Clasp|band.buckle
18kt Gold Fold Over|Deployant Clasp|band.buckle
18kt Gold Pink Fold Over|Deployant Clasp|band.buckle
18kt Gold Triple Fold Over Buckle|Deployant Clasp|band.buckle
18kt King Gold and Black Stainless Steel Deployant|Deployant Clasp|band.buckle
18kt King Gold and Black-Plated Titanium Deployant|Deployant Clasp|band.buckle
18kt Pink Gold Deployment|Deployant Clasp|band.buckle
18kt Pink Gold Fold Over|Deployant Clasp|band.buckle
18kt Rose Gold Deployment|Deployant Clasp|band.buckle
18kt Rose Gold Fold Over|Deployant Clasp|band.buckle
18kt Rose Gold Fold-under Deployment Buckle|Deployant Clasp|band.buckle
"18kt Rose Gold, Steel, Titanium - Deployment Buckl"|Deployant Clasp|band.buckle
18kt White Gold Adjustable Deployment|Deployant Clasp|band.buckle
18kt White Gold Deployment|Deployant Clasp|band.buckle
18kt White Gold Deployment Buckle|Deployant Clasp|band.buckle
18kt White Gold Fold Over|Deployant Clasp|band.buckle
18kt White Gold Folding|Deployant Clasp|band.buckle
18kt White Gold triple-folding|Deployant Clasp|band.buckle
18kt Yellow Gold Deployment|Deployant Clasp|band.buckle
18kt Yellow Gold Fold-under Deployment|Deployant Clasp|band.buckle
950 Platinum Fold Over|Deployant Clasp|band.buckle
AP Deployment|Deployant Clasp|band.buckle
AP Fold Over|Deployant Clasp|band.buckle
AP Folding|Deployant Clasp|band.buckle
AP folding|Deployant Clasp|band.buckle
Adjust-o-matic Clasp|Deployant Clasp|band.buckle
Adjustable Deployment|Deployant Clasp|band.buckle
Adjustable Fold Over|Deployant Clasp|band.buckle
Adjustable Folding|Deployant Clasp|band.buckle
Adjustable Triple Fold Over|Deployant Clasp|band.buckle
Adjustable Triple Fold Over Deployment|Deployant Clasp|band.buckle
Aquanaut fold-over|Deployant Clasp|band.buckle
BOSS clasp|Deployant Clasp|band.buckle
Black Ceramic and Black-plated Titanium Deployant|Deployant Clasp|band.buckle
Black PVD Deployment|Deployant Clasp|band.buckle
Black PVD Titanium Fold Over|Deployant Clasp|band.buckle
Black PVD titanium with 18K king gold insert folding clasp|Deployant Clasp|band.buckle
Black-plated Stainless Steel Deployant|Deployant Clasp|band.buckle
Black-plated Stainless Steel Deployant Buckle|Deployant Clasp|band.buckle
Black-plated Titanium Deployant|Deployant Clasp|band.buckle
Blk Ceramic and Blk- Plated Titanium Deployment Bu|Deployant Clasp|band.buckle
Box Deployment|Deployant Clasp|band.buckle
Brown PVD Deployment|Deployant Clasp|band.buckle
Buckle / Deployment Clasp|Deployant Clasp|band.buckle
Buckle Deployment|Deployant Clasp|band.buckle
Buckle deployment|Deployant Clasp|band.buckle
Carbon Fiber and Black-plated Titanium Deployant|Deployant Clasp|band.buckle
Carbon Fiber and Black-plated Titanium Deployant B|Deployant Clasp|band.buckle
Cartier Deployment|Deployant Clasp|band.buckle
Crown Fold Over|Deployant Clasp|band.buckle
Crown Fold over|Deployant Clasp|band.buckle
Crownclasp|Deployant Clasp|band.buckle
Deployant|Deployant Clasp|band.buckle
Deployant Buckle|Deployant Clasp|band.buckle
Deployant Clasp|Deployant Clasp|band.buckle
Deployant buckle|Deployant Clasp|band.buckle
Deployant buckle Platinum 950|Deployant Clasp|band.buckle
Deployant folding clasp|Deployant Clasp|band.buckle
Deployement Buckle|Deployant Clasp|band.buckle
Deployemnt|Deployant Clasp|band.buckle
Deploymant Clasp|Deployant Clasp|band.buckle
Deploymebt|Deployant Clasp|band.buckle
Deploymen|Deployant Clasp|band.buckle
Deployment|Deployant Clasp|band.buckle
Deployment (Diving)|Deployant Clasp|band.buckle
Deployment Buckle|Deployant Clasp|band.buckle
Deployment Buvkle|Deployant Clasp|band.buckle
Deployment Clasp|Deployant Clasp|band.buckle
Deployment DeClic|Deployant Clasp|band.buckle
Deployment Double Locking|Deployant Clasp|band.buckle
Deployment Double Locking Fold Over|Deployant Clasp|band.buckle
Deployment Fold Over|Deployant Clasp|band.buckle
Deployment Fold Over with a Skeletonized Buckle|Deployant Clasp|band.buckle
Deployment Folding in Platinum and 18k White Gold|Deployant Clasp|band.buckle
Deployment Hublot Style|Deployant Clasp|band.buckle
Deployment Hublot-style PVD Stainless Steel|Deployant Clasp|band.buckle
Deployment Hublot-style PVD steel|Deployant Clasp|band.buckle
Deployment Personalized Panerai|Deployant Clasp|band.buckle
Deployment Rose Gold-tone|Deployant Clasp|band.buckle
Deployment Steel|Deployant Clasp|band.buckle
Deployment Steel and Black PVD Steel|Deployant Clasp|band.buckle
Deployment Tang|Deployant Clasp|band.buckle
Deployment Tang Buckle|Deployant Clasp|band.buckle
Deployment Titanium|Deployant Clasp|band.buckle
Deployment Triple Fold Over|Deployant Clasp|band.buckle
Deployment buckle|Deployant Clasp|band.buckle
Deployment in Platinum and 18k White Gold|Deployant Clasp|band.buckle
Deployment set with diamonds|Deployant Clasp|band.buckle
Deployment w|Deployant Clasp|band.buckle
Deployment with Baume et Mercier engraving|Deployant Clasp|band.buckle
Deployment with Double Locking|Deployant Clasp|band.buckle
Deployment with Fold Over|Deployant Clasp|band.buckle
Deployment with Roman Numerals|Deployant Clasp|band.buckle
Deployment with double locking|Deployant Clasp|band.buckle
Deployment with engraved Akribos XXIV logo|Deployant Clasp|band.buckle
Deployment with spring release|Deployant Clasp|band.buckle
"Deployment, triple Fold Over"|Deployant Clasp|band.buckle
Deploymenyt|Deployant Clasp|band.buckle
Deploymrnt|Deployant Clasp|band.buckle
Diamond-set 18-ct yellow gold AP folding|Deployant Clasp|band.buckle
Diamond-set Fold Over Deployemt|Deployant Clasp|band.buckle
Diver Deployment|Deployant Clasp|band.buckle
Dold Over Deployment|Deployant Clasp|band.buckle
Double Adjustable Deployment|Deployant Clasp|band.buckle
Double Adjustable Fold Over|Deployant Clasp|band.buckle
Double Adjustable Folding|Deployant Clasp|band.buckle
Double Adjustable Folding Buckle|Deployant Clasp|band.buckle
Double Adjusting Deployment|Deployant Clasp|band.buckle
Double Deployment|Deployant Clasp|band.buckle
Double Fold|Deployant Clasp|band.buckle
Double Fold Over|Deployant Clasp|band.buckle
Double Fold Over 18kt Rose Gold|Deployant Clasp|band.buckle
Double Fold Over Buckle|Deployant Clasp|band.buckle
Double Fold Over Deployment|Deployant Clasp|band.buckle
Double Fold Over Stainless Steel|Deployant Clasp|band.buckle
Double Fold Over deployment|Deployant Clasp|band.buckle
Double Fold Over in 18kt Yellow Gold|Deployant Clasp|band.buckle
Double Folding|Deployant Clasp|band.buckle
Double Folding Clasp|Deployant Clasp|band.buckle
Double Loacking Fold Over|Deployant Clasp|band.buckle
Double Lock Fold Over|Deployant Clasp|band.buckle
Double Locking Deployment|Deployant Clasp|band.buckle
Double Locking Fold Over|Deployant Clasp|band.buckle
Double Locking Fold Over Deployment|Deployant Clasp|band.buckle
Double Locking Fold over|Deployant Clasp|band.buckle
Double Locking Foldover|Deployant Clasp|band.buckle
Double Locking Foldover Clasp|Deployant Clasp|band.buckle
Double Press Deployant|Deployant Clasp|band.buckle
Double Press Deployment|Deployant Clasp|band.buckle
Double adjustable Deployment|Deployant Clasp|band.buckle
Double adjustable Fold Over|Deployant Clasp|band.buckle
Double deployment|Deployant Clasp|band.buckle
Double folding clasp|Deployant Clasp|band.buckle
Double locking Fold Over|Deployant Clasp|band.buckle
Double-Fold|Deployant Clasp|band.buckle
Double-Press Deployant|Deployant Clasp|band.buckle
Double-folding Buckle|Deployant Clasp|band.buckle
Dual Deployment|Deployant Clasp|band.buckle
Dual Deployment Tang|Deployant Clasp|band.buckle
Dual adjustment Fold Over|Deployant Clasp|band.buckle
Dual deployment|Deployant Clasp|band.buckle
Expansion Band with Fold Over|Deployant Clasp|band.buckle
Fastening Clasp|Deployant Clasp|band.buckle
Father: Triple Fold. Son: Tang|Deployant Clasp|band.buckle
Faux Deployment|Deployant Clasp|band.buckle
Fold|Deployant Clasp|band.buckle
Fold Fastener|Deployant Clasp|band.buckle
Fold OLver|Deployant Clasp|band.buckle
Fold Ove|Deployant Clasp|band.buckle
Fold Ove Deployment|Deployant Clasp|band.buckle
Fold OveR|Deployant Clasp|band.buckle
Fold Over|Deployant Clasp|band.buckle
Fold Over  Deployment|Deployant Clasp|band.buckle
Fold Over  with 10 baguette diamonds (~0.34 ct).|Deployant Clasp|band.buckle
Fold Over (Audemars Piguet)|Deployant Clasp|band.buckle
Fold Over / Tang|Deployant Clasp|band.buckle
Fold Over 92 diamonds (~0.46 ct)|Deployant Clasp|band.buckle
Fold Over Buckle|Deployant Clasp|band.buckle
Fold Over Ceramic|Deployant Clasp|band.buckle
Fold Over Clasp|Deployant Clasp|band.buckle
Fold Over Crown|Deployant Clasp|band.buckle
Fold Over Deployment|Deployant Clasp|band.buckle
Fold Over Deplyment|Deployant Clasp|band.buckle
Fold Over Double Loacking|Deployant Clasp|band.buckle
Fold Over Double Locking|Deployant Clasp|band.buckle
Fold Over ID Bracelet with a Crystal-set Logo|Deployant Clasp|band.buckle
Fold Over Locking|Deployant Clasp|band.buckle
Fold Over Milanese|Deployant Clasp|band.buckle
Fold Over Oyster|Deployant Clasp|band.buckle
Fold Over Oysterclasp|Deployant Clasp|band.buckle
Fold Over Oysterlock|Deployant Clasp|band.buckle
Fold Over Slide|Deployant Clasp|band.buckle
Fold Over Slide Through|Deployant Clasp|band.buckle
Fold Over Slip Over|Deployant Clasp|band.buckle
Fold Over Slip Thjrough|Deployant Clasp|band.buckle
Fold Over Slip Though|Deployant Clasp|band.buckle
Fold Over Slip Throgh|Deployant Clasp|band.buckle
Fold Over Slips Through|Deployant Clasp|band.buckle
Fold Over Stainless Steel|Deployant Clasp|band.buckle
Fold Over Titanium|Deployant Clasp|band.buckle
Fold Over buckle|Deployant Clasp|band.buckle
Fold Over deployment|Deployant Clasp|band.buckle
Fold Over w|Deployant Clasp|band.buckle
Fold Over with Bush Button Release|Deployant Clasp|band.buckle
Fold Over with Clasp|Deployant Clasp|band.buckle
Fold Over with Diving Extension|Deployant Clasp|band.buckle
Fold Over with Double|Deployant Clasp|band.buckle
Fold Over with Double Lock|Deployant Clasp|band.buckle
Fold Over with Double Locking|Deployant Clasp|band.buckle
Fold Over with Double locking|Deployant Clasp|band.buckle
Fold Over with Edox logo|Deployant Clasp|band.buckle
Fold Over with Extension|Deployant Clasp|band.buckle
Fold Over with Release|Deployant Clasp|band.buckle
Fold Over with Single Locking|Deployant Clasp|band.buckle
Fold Over with Skeleton Buckle|Deployant Clasp|band.buckle
Fold Over with Squeeze Release|Deployant Clasp|band.buckle
Fold Over with Wxtension|Deployant Clasp|band.buckle
Fold Over with a Diver Extension|Deployant Clasp|band.buckle
Fold Over with a Diving Extension|Deployant Clasp|band.buckle
Fold Over with a afety Release|Deployant Clasp|band.buckle
Fold Over with buckle|Deployant Clasp|band.buckle
Fold Over with extension|Deployant Clasp|band.buckle
Fold OverDeployment|Deployant Clasp|band.buckle
Fold Oyster|Deployant Clasp|band.buckle
Fold Through|Deployant Clasp|band.buckle
Fold Through Deployment|Deployant Clasp|band.buckle
Fold Under Deployment|Deployant Clasp|band.buckle
Fold fastener|Deployant Clasp|band.buckle
Fold over|Deployant Clasp|band.buckle
Fold over Deployment|Deployant Clasp|band.buckle
Fold over clasp|Deployant Clasp|band.buckle
Fold over deployment|Deployant Clasp|band.buckle
Fold-Over|Deployant Clasp|band.buckle
Fold-Over Clasp|Deployant Clasp|band.buckle
Fold-Over Deployment|Deployant Clasp|band.buckle
Fold-over|Deployant Clasp|band.buckle
Fold-over with 22 baguette diamonds (~0.97 ct)|Deployant Clasp|band.buckle
Fold-through Buckle Deployment|Deployant Clasp|band.buckle
Fold-through Deployment|Deployant Clasp|band.buckle
Fold-under Deployment|Deployant Clasp|band.buckle
Foldig|Deployant Clasp|band.buckle
Foldiing|Deployant Clasp|band.buckle
Folding|Deployant Clasp|band.buckle
Folding Buckle|Deployant Clasp|band.buckle
Folding Clasp|Deployant Clasp|band.buckle
Folding Clasp - Polished Steel|Deployant Clasp|band.buckle
Folding Crownclasp|Deployant Clasp|band.buckle
Folding Deployant|Deployant Clasp|band.buckle
Folding Deployment|Deployant Clasp|band.buckle
Folding Oyster|Deployant Clasp|band.buckle
Folding Oyster Lock|Deployant Clasp|band.buckle
Folding Oysterclasp|Deployant Clasp|band.buckle
Folding Oysterclasp with Easylink 5 mm comfort ext|Deployant Clasp|band.buckle
Folding Oysterclasp with Easylink 5 mm comfort extension link|Deployant Clasp|band.buckle
Folding Oysterlock|Deployant Clasp|band.buckle
Folding Oysterlock Clasp|Deployant Clasp|band.buckle
Folding clasp|Deployant Clasp|band.buckle
Folding clasp in stainless steel|Deployant Clasp|band.buckle
Foldover|Deployant Clasp|band.buckle
Foldover Clasp|Deployant Clasp|band.buckle
Fols Over Deployment|Deployant Clasp|band.buckle
Gold-tone Deployment|Deployant Clasp|band.buckle
HUGO clasp|Deployant Clasp|band.buckle
Hiddden Fold Over|Deployant Clasp|band.buckle
Hiddern Fold Over|Deployant Clasp|band.buckle
Hideen Fold Over|Deployant Clasp|band.buckle
Hiden Fold Over|Deployant Clasp|band.buckle
Hiodden  Fold Over|Deployant Clasp|band.buckle
Invisible Double Locking Clasp|Deployant Clasp|band.buckle
Jewlery Clasp|Deployant Clasp|band.buckle
Locking Deployment|Deployant Clasp|band.buckle
Microblasted titanium double folding clasp|Deployant Clasp|band.buckle
Milanese Clasp|Deployant Clasp|band.buckle
Nautilus Deployment|Deployant Clasp|band.buckle
Nautilus Fold Over|Deployant Clasp|band.buckle
Nautilus fold-over|Deployant Clasp|band.buckle
No Clasp|Deployant Clasp|band.buckle
Notes Oysterlock|Deployant Clasp|band.buckle
One-touch Three Fold|Deployant Clasp|band.buckle
One-touch Tri-fold|Deployant Clasp|band.buckle
Oyserlock Clasp|Deployant Clasp|band.buckle
Oyster|Deployant Clasp|band.buckle
Oyster Clasp|Deployant Clasp|band.buckle
Oyster Deployment|Deployant Clasp|band.buckle
Oyster Lock|Deployant Clasp|band.buckle
Oysterclasp|Deployant Clasp|band.buckle
Oysterclasp with Easylink Comfort Extension Link|Deployant Clasp|band.buckle
Oysterlock|Deployant Clasp|band.buckle
Oysterlock Clasp|Deployant Clasp|band.buckle
Oysterlock clasp|Deployant Clasp|band.buckle
Personalized Deployment|Deployant Clasp|band.buckle
Personalized Fold Over|Deployant Clasp|band.buckle
Personalized Fold over|Deployant Clasp|band.buckle
Pink Gold Deployant Buckle|Deployant Clasp|band.buckle
Platinum 950 Deployant Buckle|Deployant Clasp|band.buckle
Platinum Deployment|Deployant Clasp|band.buckle
Platinum Fold Over|Deployant Clasp|band.buckle
Platinum Fold over|Deployant Clasp|band.buckle
Platinum Foldig|Deployant Clasp|band.buckle
Rolex Folding Oysterclasp|Deployant Clasp|band.buckle
Rose gold folding clasp set with 26 brilliant-cut|Deployant Clasp|band.buckle
Sand-blasted titanium Fold Over|Deployant Clasp|band.buckle
Satin-finish Fold Over|Deployant Clasp|band.buckle
Self Fold Over|Deployant Clasp|band.buckle
Single Locking Fold Over|Deployant Clasp|band.buckle
Single Press Deployment|Deployant Clasp|band.buckle
Sliding Clasp|Deployant Clasp|band.buckle
Stainless Steel AP Fold Over|Deployant Clasp|band.buckle
Stainless Steel Deployant|Deployant Clasp|band.buckle
Stainless Steel Deployant Buckle|Deployant Clasp|band.buckle
Stainless Steel Deployment|Deployant Clasp|band.buckle
Stainless Steel Deployment Fold Over Buckle|Deployant Clasp|band.buckle
Stainless Steel Fold Over|Deployant Clasp|band.buckle
Stainless Steel Triple Fold Over|Deployant Clasp|band.buckle
Stainless Steel Triple Folding|Deployant Clasp|band.buckle
Stainless Steel Triple-Fold Over|Deployant Clasp|band.buckle
Stainless Steel and Titanium Deployment|Deployant Clasp|band.buckle
Stainless steel triple folding clasp|Deployant Clasp|band.buckle
Steel Adjustable Deployment|Deployant Clasp|band.buckle
Steel Deployment|Deployant Clasp|band.buckle
Steel Fold Over|Deployant Clasp|band.buckle
Steel Triple Fold Over|Deployant Clasp|band.buckle
Three Fold|Deployant Clasp|band.buckle
Three Fold Deployment|Deployant Clasp|band.buckle
Three Fold with safty Release|Deployant Clasp|band.buckle
Three-fold deployment|Deployant Clasp|band.buckle
Titanium Adjustable Deployment Panerai Buckle|Deployant Clasp|band.buckle
Titanium Deployant|Deployant Clasp|band.buckle
Titanium Deployant Buckle|Deployant Clasp|band.buckle
Titanium Deployment|Deployant Clasp|band.buckle
Titanium Deployment Buckle|Deployant Clasp|band.buckle
Titanium Double Fold Over|Deployant Clasp|band.buckle
Titanium Double Folding|Deployant Clasp|band.buckle
Titanium Double Folding Clasp|Deployant Clasp|band.buckle
Titanium Fold Over|Deployant Clasp|band.buckle
Titanium Fold Over with Extension|Deployant Clasp|band.buckle
Titanium Grade 2 Folding|Deployant Clasp|band.buckle
Titanium PVD Fold Over|Deployant Clasp|band.buckle
Titanium Triple-folding|Deployant Clasp|band.buckle
Titanium and Black-plated Titanium Deployant|Deployant Clasp|band.buckle
Titanium and Black-plated Titanium Deployant Buckl|Deployant Clasp|band.buckle
Titanium deployant buckle|Deployant Clasp|band.buckle
Titanium double folding clasp|Deployant Clasp|band.buckle
Titanium double folding clasp with Black DLC coating|Deployant Clasp|band.buckle
Titanium folding clasp|Deployant Clasp|band.buckle
Titantium Double Folding Clasp|Deployant Clasp|band.buckle
Tri-Fold|Deployant Clasp|band.buckle
Tri-Fold Over|Deployant Clasp|band.buckle
Tri-fold|Deployant Clasp|band.buckle
Tri-fold closure|Deployant Clasp|band.buckle
Triple Deployment|Deployant Clasp|band.buckle
Triple Fold Over|Deployant Clasp|band.buckle
Triple Fold Over 18kt Yellow Gold|Deployant Clasp|band.buckle
Triple Fold Over Deployment|Deployant Clasp|band.buckle
Triple Folding|Deployant Clasp|band.buckle
Triple Folding Clasp|Deployant Clasp|band.buckle
Triple folding clasp|Deployant Clasp|band.buckle
Triple-Fold Over|Deployant Clasp|band.buckle
Triple-Fold Over Buckle|Deployant Clasp|band.buckle
Triple-Fold Over black titanium buckle|Deployant Clasp|band.buckle
Triple-Fold Over buckle|Deployant Clasp|band.buckle
Triple-blade folding clasp - 5N 18kt rose gold|Deployant Clasp|band.buckle
Triple-folding|Deployant Clasp|band.buckle
Triple-folding clasp|Deployant Clasp|band.buckle
Vachette Clasp|Deployant Clasp|band.buckle
Vachette clasp|Deployant Clasp|band.buckle
White gold 750 triple Fold Over|Deployant Clasp|band.buckle
White gold triple-folding buckle|Deployant Clasp|band.buckle
Yellow Gold Fold Over|Deployant Clasp|band.buckle
deployment|Deployant Clasp|band.buckle
folding|Deployant Clasp|band.buckle
folding buckle|Deployant Clasp|band.buckle
folding clasp|Deployant Clasp|band.buckle
triple folding|Deployant Clasp|band.buckle
Deployable Fliplock|Flip Clasp|band.buckle
Deployment with Flip Lock|Flip Clasp|band.buckle
Flip Clasp|Flip Clasp|band.buckle
Flip Lock|Flip Clasp|band.buckle
Flip Lock Deployment|Flip Clasp|band.buckle
Flip lock divers|Flip Clasp|band.buckle
Flip-lock|Flip Clasp|band.buckle
Fliplock|Flip Clasp|band.buckle
Fold Over with Flip Lock|Flip Clasp|band.buckle
Oyster Flip-lock|Flip Clasp|band.buckle
Oyster Fliplock|Flip Clasp|band.buckle
18 kt White Gold Deployment with Push Button|Fold-Over Push Button Deployant Clasp|band.buckle
18 kt white gold Deployment with Push Button|Fold-Over Push Button Deployant Clasp|band.buckle
18k White Gold Fold Over with Safety|Fold-Over Push Button Deployant Clasp|band.buckle
18kt Rose Gold Push Button Fold over|Fold-Over Push Button Deployant Clasp|band.buckle
18kt Rose Gold Triple Safety Deployment|Fold-Over Push Button Deployant Clasp|band.buckle
2 Pusher Foldover Clasp|Fold-Over Push Button Deployant Clasp|band.buckle
2 pusher foldover clasp|Fold-Over Push Button Deployant Clasp|band.buckle
Adjustable Push Button Deployment|Fold-Over Push Button Deployant Clasp|band.buckle
Adjustable Push Button deployment|Fold-Over Push Button Deployant Clasp|band.buckle
Adjustable Safety|Fold-Over Push Button Deployant Clasp|band.buckle
Box Safety|Fold-Over Push Button Deployant Clasp|band.buckle
Box With Tongue And Safety|Fold-Over Push Button Deployant Clasp|band.buckle
Box with Tongue And Safety|Fold-Over Push Button Deployant Clasp|band.buckle
Box with Tongue and Safety|Fold-Over Push Button Deployant Clasp|band.buckle
Buckle Safety|Fold-Over Push Button Deployant Clasp|band.buckle
Buckle Triple Safety Folding|Fold-Over Push Button Deployant Clasp|band.buckle
Buckle with triple safety folding clasp and push-p|Fold-Over Push Button Deployant Clasp|band.buckle
Butterfly Push Button|Fold-Over Push Button Deployant Clasp|band.buckle
Butterfly with Double Push Button Release|Fold-Over Push Button Deployant Clasp|band.buckle
Butterfly with Push Button|Fold-Over Push Button Deployant Clasp|band.buckle
Butterfly with Push Button Release|Fold-Over Push Button Deployant Clasp|band.buckle
Butterfly with Push Buttons|Fold-Over Push Button Deployant Clasp|band.buckle
Butterfly with Push Buttons Release|Fold-Over Push Button Deployant Clasp|band.buckle
Butterfly with Push button Release|Fold-Over Push Button Deployant Clasp|band.buckle
Butterfly with Safety Release|Fold-Over Push Button Deployant Clasp|band.buckle
Butterfly with a Push Button Release|Fold-Over Push Button Deployant Clasp|band.buckle
Butterfly with a Safety Release|Fold-Over Push Button Deployant Clasp|band.buckle
Butterfly with a push Button Release|Fold-Over Push Button Deployant Clasp|band.buckle
Deplayment with Push Button Release|Fold-Over Push Button Deployant Clasp|band.buckle
Deployment  with Safety Release|Fold-Over Push Button Deployant Clasp|band.buckle
Deployment Buckle with Push Button with Buckle|Fold-Over Push Button Deployant Clasp|band.buckle
Deployment Claps With Push Button|Fold-Over Push Button Deployant Clasp|band.buckle
Deployment Diver Safety|Fold-Over Push Button Deployant Clasp|band.buckle
Deployment Double Safety|Fold-Over Push Button Deployant Clasp|band.buckle
Deployment Fold Over with Twin Push Buttons|Fold-Over Push Button Deployant Clasp|band.buckle
Deployment Hidden Fold Over Push Button|Fold-Over Push Button Deployant Clasp|band.buckle
Deployment Hidden Fold Over with twin pushers|Fold-Over Push Button Deployant Clasp|band.buckle
Deployment Push Button Release|Fold-Over Push Button Deployant Clasp|band.buckle
Deployment Push Button hidden Fold Over|Fold-Over Push Button Deployant Clasp|band.buckle
Deployment Safety|Fold-Over Push Button Deployant Clasp|band.buckle
Deployment Tang with Push Button|Fold-Over Push Button Deployant Clasp|band.buckle
Deployment With Push Button|Fold-Over Push Button Deployant Clasp|band.buckle
Deployment With Safety and Buckle|Fold-Over Push Button Deployant Clasp|band.buckle
Deployment clasp with push-button release|Fold-Over Push Button Deployant Clasp|band.buckle
Deployment push button|Fold-Over Push Button Deployant Clasp|band.buckle
Deployment with Divers Safety|Fold-Over Push Button Deployant Clasp|band.buckle
Deployment with Double Push Button|Fold-Over Push Button Deployant Clasp|band.buckle
Deployment with Double Push Button Release|Fold-Over Push Button Deployant Clasp|band.buckle
Deployment with Double Push Button Safety|Fold-Over Push Button Deployant Clasp|band.buckle
Deployment with Double Push Button release|Fold-Over Push Button Deployant Clasp|band.buckle
Deployment with Double Safety Release|Fold-Over Push Button Deployant Clasp|band.buckle
Deployment with Dual Push Button|Fold-Over Push Button Deployant Clasp|band.buckle
Deployment with Dual Push Button Release|Fold-Over Push Button Deployant Clasp|band.buckle
Deployment with Flip Lock Safety|Fold-Over Push Button Deployant Clasp|band.buckle
Deployment with Flip Lock Safety Latch|Fold-Over Push Button Deployant Clasp|band.buckle
Deployment with Hidden Push Button Release|Fold-Over Push Button Deployant Clasp|band.buckle
Deployment with Push Button|Fold-Over Push Button Deployant Clasp|band.buckle
Deployment with Push Button RElease|Fold-Over Push Button Deployant Clasp|band.buckle
Deployment with Push Button Release|Fold-Over Push Button Deployant Clasp|band.buckle
Deployment with Push Button Release (Chopard logo)|Fold-Over Push Button Deployant Clasp|band.buckle
Deployment with Push Button Safety|Fold-Over Push Button Deployant Clasp|band.buckle
Deployment with Push Button Safety Release|Fold-Over Push Button Deployant Clasp|band.buckle
Deployment with Push Button Security|Fold-Over Push Button Deployant Clasp|band.buckle
Deployment with Push Button Skeleton|Fold-Over Push Button Deployant Clasp|band.buckle
Deployment with Push Button release|Fold-Over Push Button Deployant Clasp|band.buckle
Deployment with Push Button set with diamonds|Fold-Over Push Button Deployant Clasp|band.buckle
Deployment with Push Button with Buckle|Fold-Over Push Button Deployant Clasp|band.buckle
Deployment with Push Button with Burgi Logo|Fold-Over Push Button Deployant Clasp|band.buckle
Deployment with Push Button with with engraved Bur|Fold-Over Push Button Deployant Clasp|band.buckle
"Deployment with Push Button, 18k Rose Gold"|Fold-Over Push Button Deployant Clasp|band.buckle
Deployment with Push Buttons|Fold-Over Push Button Deployant Clasp|band.buckle
Deployment with Push Buutton Release|Fold-Over Push Button Deployant Clasp|band.buckle
Deployment with Push button Release|Fold-Over Push Button Deployant Clasp|band.buckle
Deployment with Push button release|Fold-Over Push Button Deployant Clasp|band.buckle
Deployment with Safety|Fold-Over Push Button Deployant Clasp|band.buckle
Deployment with Safety Lock|Fold-Over Push Button Deployant Clasp|band.buckle
Deployment with Safety Release|Fold-Over Push Button Deployant Clasp|band.buckle
Deployment with Safety release|Fold-Over Push Button Deployant Clasp|band.buckle
Deployment with Single Push Button|Fold-Over Push Button Deployant Clasp|band.buckle
Deployment with Twin Push Button|Fold-Over Push Button Deployant Clasp|band.buckle
Deployment with a Double Push Button Release|Fold-Over Push Button Deployant Clasp|band.buckle
Deployment with a Push Button Release|Fold-Over Push Button Deployant Clasp|band.buckle
Deployment with a Safety Release|Fold-Over Push Button Deployant Clasp|band.buckle
Deployment with double Safety and Diving Extension|Fold-Over Push Button Deployant Clasp|band.buckle
Deployment with push button release|Fold-Over Push Button Deployant Clasp|band.buckle
Deployment with push buttons|Fold-Over Push Button Deployant Clasp|band.buckle
Deployment with safety|Fold-Over Push Button Deployant Clasp|band.buckle
"Deployment with safety, integrated diver's extensi"|Fold-Over Push Button Deployant Clasp|band.buckle
Deployment withPush Button Release|Fold-Over Push Button Deployant Clasp|band.buckle
Deployment-clasp-with-push-button|Fold-Over Push Button Deployant Clasp|band.buckle
Diver Deployment Safety|Fold-Over Push Button Deployant Clasp|band.buckle
Diver Fold Over Safety|Fold-Over Push Button Deployant Clasp|band.buckle
Diver Fold over Safety|Fold-Over Push Button Deployant Clasp|band.buckle
Diver Foldover Safety|Fold-Over Push Button Deployant Clasp|band.buckle
Diver Safety|Fold-Over Push Button Deployant Clasp|band.buckle
Diver Safety Buckle|Fold-Over Push Button Deployant Clasp|band.buckle
Diver with Safety Release|Fold-Over Push Button Deployant Clasp|band.buckle
Diver with a Safety Release|Fold-Over Push Button Deployant Clasp|band.buckle
Divers Buckle and Safety|Fold-Over Push Button Deployant Clasp|band.buckle
Divers Safety|Fold-Over Push Button Deployant Clasp|band.buckle
Divers with Safety Release|Fold-Over Push Button Deployant Clasp|band.buckle
Dold Over with Push Button Release|Fold-Over Push Button Deployant Clasp|band.buckle
Double Fold Over Push Button|Fold-Over Push Button Deployant Clasp|band.buckle
Double Fold Over Push Button Deployment|Fold-Over Push Button Deployant Clasp|band.buckle
Double Fold Over push button|Fold-Over Push Button Deployant Clasp|band.buckle
Double Fold Over with Push Button|Fold-Over Push Button Deployant Clasp|band.buckle
Double Fold Over with Push Button Release|Fold-Over Push Button Deployant Clasp|band.buckle
Double Fold Over with Push Button release|Fold-Over Push Button Deployant Clasp|band.buckle
Double Fold Over with Safety|Fold-Over Push Button Deployant Clasp|band.buckle
Double Fold Over with Safety Release|Fold-Over Push Button Deployant Clasp|band.buckle
Double Fold Over with a Push Button Release|Fold-Over Push Button Deployant Clasp|band.buckle
Double Fold Over with a Safety Release|Fold-Over Push Button Deployant Clasp|band.buckle
Double Fold Over with push button|Fold-Over Push Button Deployant Clasp|band.buckle
Double Fold Push Button|Fold-Over Push Button Deployant Clasp|band.buckle
Double Fold with Push Button|Fold-Over Push Button Deployant Clasp|band.buckle
Double Folding Clasp With Push Button|Fold-Over Push Button Deployant Clasp|band.buckle
Double Folding Clasp with Push Button|Fold-Over Push Button Deployant Clasp|band.buckle
Double Folding Push Button|Fold-Over Push Button Deployant Clasp|band.buckle
Double Folding with Push Button|Fold-Over Push Button Deployant Clasp|band.buckle
Double Folding with Push Buttons|Fold-Over Push Button Deployant Clasp|band.buckle
"Double Folding, Double Push Button"|Fold-Over Push Button Deployant Clasp|band.buckle
Double Locking Push Button|Fold-Over Push Button Deployant Clasp|band.buckle
Double Locking Push Button Deployment|Fold-Over Push Button Deployant Clasp|band.buckle
Double Locking Safety|Fold-Over Push Button Deployant Clasp|band.buckle
Double Locking with Push Button Release|Fold-Over Push Button Deployant Clasp|band.buckle
Double Push Buckle|Fold-Over Push Button Deployant Clasp|band.buckle
Double Push Button Deployment|Fold-Over Push Button Deployant Clasp|band.buckle
Double Push Button Fold Over|Fold-Over Push Button Deployant Clasp|band.buckle
Double Push Button Folding|Fold-Over Push Button Deployant Clasp|band.buckle
Double Push Button Foldover with Logo|Fold-Over Push Button Deployant Clasp|band.buckle
Double Push Button with a Safety Lock|Fold-Over Push Button Deployant Clasp|band.buckle
Double Push button fold over|Fold-Over Push Button Deployant Clasp|band.buckle
Double Pushers and Safety Lock|Fold-Over Push Button Deployant Clasp|band.buckle
Double Safety|Fold-Over Push Button Deployant Clasp|band.buckle
Double Safety with Extension|Fold-Over Push Button Deployant Clasp|band.buckle
Double Security Fold Over|Fold-Over Push Button Deployant Clasp|band.buckle
Double fold Over with Push Button Release|Fold-Over Push Button Deployant Clasp|band.buckle
Double folding with Push Button Release|Fold-Over Push Button Deployant Clasp|band.buckle
Double folding with push button|Fold-Over Push Button Deployant Clasp|band.buckle
"Double push buckle, Safety Clasp"|Fold-Over Push Button Deployant Clasp|band.buckle
Double push button deployment|Fold-Over Push Button Deployant Clasp|band.buckle
Double push button fold over|Fold-Over Push Button Deployant Clasp|band.buckle
Double safety with diving extension system a|Fold-Over Push Button Deployant Clasp|band.buckle
"Double-locking Fold over, safety"|Fold-Over Push Button Deployant Clasp|band.buckle
Double-safety with diving extension|Fold-Over Push Button Deployant Clasp|band.buckle
Douple Fold Over with Safety Release|Fold-Over Push Button Deployant Clasp|band.buckle
Dual Lock With Safety|Fold-Over Push Button Deployant Clasp|band.buckle
Features Push-Button Quick Micro Adjustment|Fold-Over Push Button Deployant Clasp|band.buckle
Flip Lock Safety Divers Deployment|Fold-Over Push Button Deployant Clasp|band.buckle
Flip Lock with Safety Release|Fold-Over Push Button Deployant Clasp|band.buckle
Flip lock divers safety Deployment|Fold-Over Push Button Deployant Clasp|band.buckle
Flip lock with Safety Release|Fold-Over Push Button Deployant Clasp|band.buckle
Fliplock Pushbutton Clasp|Fold-Over Push Button Deployant Clasp|band.buckle
Flod Over with Push Button Release|Fold-Over Push Button Deployant Clasp|band.buckle
Foild Over with Double Push Button Release|Fold-Over Push Button Deployant Clasp|band.buckle
Foild Over with Push Button Release|Fold-Over Push Button Deployant Clasp|band.buckle
Fold Ovcer with Push Button Release|Fold-Over Push Button Deployant Clasp|band.buckle
Fold Over  (Security) with Safety Release|Fold-Over Push Button Deployant Clasp|band.buckle
Fold Over  Push Button|Fold-Over Push Button Deployant Clasp|band.buckle
Fold Over  Push Button and Safety Flap|Fold-Over Push Button Deployant Clasp|band.buckle
Fold Over  With Double Push Button Safety|Fold-Over Push Button Deployant Clasp|band.buckle
Fold Over  with Push Button Release|Fold-Over Push Button Deployant Clasp|band.buckle
Fold Over (Flip Lock) with Safety Release|Fold-Over Push Button Deployant Clasp|band.buckle
Fold Over (Security) with Safety Release|Fold-Over Push Button Deployant Clasp|band.buckle
Fold Over Box with Push Button Release|Fold-Over Push Button Deployant Clasp|band.buckle
Fold Over Buckle with Safety Lock and Push Button|Fold-Over Push Button Deployant Clasp|band.buckle
Fold Over Clasp With Double Push Button Safety|Fold-Over Push Button Deployant Clasp|band.buckle
Fold Over Clasp with Hidden Push Buttons|Fold-Over Push Button Deployant Clasp|band.buckle
Fold Over Clasp with Push Button|Fold-Over Push Button Deployant Clasp|band.buckle
Fold Over Clasp with Push Buttons|Fold-Over Push Button Deployant Clasp|band.buckle
Fold Over Clasp with double push button|Fold-Over Push Button Deployant Clasp|band.buckle
Fold Over Deployment with Push Button|Fold-Over Push Button Deployant Clasp|band.buckle
Fold Over Deployment with Push Button Release|Fold-Over Push Button Deployant Clasp|band.buckle
Fold Over Deployment with Safety Release|Fold-Over Push Button Deployant Clasp|band.buckle
Fold Over Diver with Safety Release|Fold-Over Push Button Deployant Clasp|band.buckle
Fold Over Double Push Button Release|Fold-Over Push Button Deployant Clasp|band.buckle
Fold Over Double Push Button Safety|Fold-Over Push Button Deployant Clasp|band.buckle
Fold Over Over with Safety Release|Fold-Over Push Button Deployant Clasp|band.buckle
Fold Over Push Button|Fold-Over Push Button Deployant Clasp|band.buckle
Fold Over Push Button Clasp With Safety|Fold-Over Push Button Deployant Clasp|band.buckle
Fold Over Push Button Deployment|Fold-Over Push Button Deployant Clasp|band.buckle
Fold Over Push Button Release|Fold-Over Push Button Deployant Clasp|band.buckle
Fold Over Push Button Safety|Fold-Over Push Button Deployant Clasp|band.buckle
Fold Over Push Button and Safety Flap|Fold-Over Push Button Deployant Clasp|band.buckle
Fold Over Push Button with Safety|Fold-Over Push Button Deployant Clasp|band.buckle
Fold Over Push Button with Safety Release|Fold-Over Push Button Deployant Clasp|band.buckle
Fold Over Push Button withSafety|Fold-Over Push Button Deployant Clasp|band.buckle
Fold Over Safety|Fold-Over Push Button Deployant Clasp|band.buckle
Fold Over Safety Flap|Fold-Over Push Button Deployant Clasp|band.buckle
Fold Over Safety Release|Fold-Over Push Button Deployant Clasp|band.buckle
Fold Over With Double Push Button|Fold-Over Push Button Deployant Clasp|band.buckle
Fold Over With Double Push Button Release|Fold-Over Push Button Deployant Clasp|band.buckle
Fold Over With Double Push Button Safety|Fold-Over Push Button Deployant Clasp|band.buckle
Fold Over With Push Button Deployment|Fold-Over Push Button Deployant Clasp|band.buckle
Fold Over With Safety|Fold-Over Push Button Deployant Clasp|band.buckle
Fold Over With Safety Release|Fold-Over Push Button Deployant Clasp|band.buckle
Fold Over clasp with Push button|Fold-Over Push Button Deployant Clasp|band.buckle
Fold Over closure with Push Button Release.|Fold-Over Push Button Deployant Clasp|band.buckle
Fold Over t with Push Button Release|Fold-Over Push Button Deployant Clasp|band.buckle
Fold Over with  Push Button Release|Fold-Over Push Button Deployant Clasp|band.buckle
Fold Over with  a Double Push Button RElease|Fold-Over Push Button Deployant Clasp|band.buckle
Fold Over with Bouble Push Button Release|Fold-Over Push Button Deployant Clasp|band.buckle
Fold Over with Doble Push Button Release|Fold-Over Push Button Deployant Clasp|band.buckle
Fold Over with Double Push BUtton Release|Fold-Over Push Button Deployant Clasp|band.buckle
Fold Over with Double Push Burron Release|Fold-Over Push Button Deployant Clasp|band.buckle
Fold Over with Double Push Button|Fold-Over Push Button Deployant Clasp|band.buckle
Fold Over with Double Push Button RElease|Fold-Over Push Button Deployant Clasp|band.buckle
Fold Over with Double Push Button Releae|Fold-Over Push Button Deployant Clasp|band.buckle
Fold Over with Double Push Button Release|Fold-Over Push Button Deployant Clasp|band.buckle
Fold Over with Double Push Button Release ( with W|Fold-Over Push Button Deployant Clasp|band.buckle
Fold Over with Double Push Button Releaser|Fold-Over Push Button Deployant Clasp|band.buckle
Fold Over with Double Push Button Safety|Fold-Over Push Button Deployant Clasp|band.buckle
Fold Over with Double Push Button Safety Release|Fold-Over Push Button Deployant Clasp|band.buckle
Fold Over with Double Push Button Safety? Releae|Fold-Over Push Button Deployant Clasp|band.buckle
Fold Over with Double Push Button safety|Fold-Over Push Button Deployant Clasp|band.buckle
Fold Over with Double Push Button with Safety Rele|Fold-Over Push Button Deployant Clasp|band.buckle
Fold Over with Double Push Buttone|Fold-Over Push Button Deployant Clasp|band.buckle
Fold Over with Double Push Buttons|Fold-Over Push Button Deployant Clasp|band.buckle
Fold Over with Double Push Buttyon|Fold-Over Push Button Deployant Clasp|band.buckle
Fold Over with Double Push Release|Fold-Over Push Button Deployant Clasp|band.buckle
Fold Over with Double Push Security|Fold-Over Push Button Deployant Clasp|band.buckle
Fold Over with Double Push Security System|Fold-Over Push Button Deployant Clasp|band.buckle
Fold Over with Double Push Security Sytem|Fold-Over Push Button Deployant Clasp|band.buckle
Fold Over with Double Push button|Fold-Over Push Button Deployant Clasp|band.buckle
Fold Over with Double Push button Release|Fold-Over Push Button Deployant Clasp|band.buckle
Fold Over with Double Push-Security|Fold-Over Push Button Deployant Clasp|band.buckle
Fold Over with Double Push-Security Sysem|Fold-Over Push Button Deployant Clasp|band.buckle
Fold Over with Double Push-Security System|Fold-Over Push Button Deployant Clasp|band.buckle
Fold Over with Double Push-security System|Fold-Over Push Button Deployant Clasp|band.buckle
Fold Over with Double Safety Lock|Fold-Over Push Button Deployant Clasp|band.buckle
Fold Over with Double Safety Push Buttons|Fold-Over Push Button Deployant Clasp|band.buckle
Fold Over with Double Safety Push Buttons and Divi|Fold-Over Push Button Deployant Clasp|band.buckle
Fold Over with Double Safety Releae|Fold-Over Push Button Deployant Clasp|band.buckle
Fold Over with Double Safety Release|Fold-Over Push Button Deployant Clasp|band.buckle
Fold Over with Double Safety Releaze|Fold-Over Push Button Deployant Clasp|band.buckle
Fold Over with Double push Button Release|Fold-Over Push Button Deployant Clasp|band.buckle
Fold Over with Dual Push Button Release|Fold-Over Push Button Deployant Clasp|band.buckle
Fold Over with Dual Safety Releases|Fold-Over Push Button Deployant Clasp|band.buckle
Fold Over with Flip Lock & Push Button|Fold-Over Push Button Deployant Clasp|band.buckle
Fold Over with Hidden Double Push Button|Fold-Over Push Button Deployant Clasp|band.buckle
Fold Over with Hidden Push Buttons|Fold-Over Push Button Deployant Clasp|band.buckle
Fold Over with Push BUtton Release|Fold-Over Push Button Deployant Clasp|band.buckle
Fold Over with Push Bitton Release|Fold-Over Push Button Deployant Clasp|band.buckle
Fold Over with Push Buitton Release|Fold-Over Push Button Deployant Clasp|band.buckle
Fold Over with Push Burron|Fold-Over Push Button Deployant Clasp|band.buckle
Fold Over with Push Burron Release|Fold-Over Push Button Deployant Clasp|band.buckle
Fold Over with Push Butto Release|Fold-Over Push Button Deployant Clasp|band.buckle
Fold Over with Push Buttoms|Fold-Over Push Button Deployant Clasp|band.buckle
Fold Over with Push Button|Fold-Over Push Button Deployant Clasp|band.buckle
Fold Over with Push Button Deployment|Fold-Over Push Button Deployant Clasp|band.buckle
Fold Over with Push Button RElease|Fold-Over Push Button Deployant Clasp|band.buckle
Fold Over with Push Button Release|Fold-Over Push Button Deployant Clasp|band.buckle
Fold Over with Push Button Releaser|Fold-Over Push Button Deployant Clasp|band.buckle
Fold Over with Push Button Safety|Fold-Over Push Button Deployant Clasp|band.buckle
Fold Over with Push Button Safety Release|Fold-Over Push Button Deployant Clasp|band.buckle
Fold Over with Push Button Security Release|Fold-Over Push Button Deployant Clasp|band.buckle
Fold Over with Push Button release|Fold-Over Push Button Deployant Clasp|band.buckle
Fold Over with Push Buttons|Fold-Over Push Button Deployant Clasp|band.buckle
Fold Over with Push Buttons Release|Fold-Over Push Button Deployant Clasp|band.buckle
Fold Over with Push Buutton Release|Fold-Over Push Button Deployant Clasp|band.buckle
Fold Over with Push Putton RElease|Fold-Over Push Button Deployant Clasp|band.buckle
Fold Over with Push button|Fold-Over Push Button Deployant Clasp|band.buckle
Fold Over with Push button Release|Fold-Over Push Button Deployant Clasp|band.buckle
Fold Over with Push buttons|Fold-Over Push Button Deployant Clasp|band.buckle
Fold Over with Push-Piece Opening Mechanism|Fold-Over Push Button Deployant Clasp|band.buckle
Fold Over with Push-button|Fold-Over Push Button Deployant Clasp|band.buckle
Fold Over with Pushers|Fold-Over Push Button Deployant Clasp|band.buckle
Fold Over with SPush Button Release|Fold-Over Push Button Deployant Clasp|band.buckle
Fold Over with Safety|Fold-Over Push Button Deployant Clasp|band.buckle
Fold Over with Safety Buckle|Fold-Over Push Button Deployant Clasp|band.buckle
Fold Over with Safety Flap|Fold-Over Push Button Deployant Clasp|band.buckle
Fold Over with Safety Latch|Fold-Over Push Button Deployant Clasp|band.buckle
Fold Over with Safety Lock|Fold-Over Push Button Deployant Clasp|band.buckle
Fold Over with Safety Lock and Push Button|Fold-Over Push Button Deployant Clasp|band.buckle
Fold Over with Safety Push Buttons|Fold-Over Push Button Deployant Clasp|band.buckle
Fold Over with Safety RElease|Fold-Over Push Button Deployant Clasp|band.buckle
Fold Over with Safety Releae|Fold-Over Push Button Deployant Clasp|band.buckle
Fold Over with Safety Releasde|Fold-Over Push Button Deployant Clasp|band.buckle
Fold Over with Safety Release|Fold-Over Push Button Deployant Clasp|band.buckle
Fold Over with Safety Release 6|Fold-Over Push Button Deployant Clasp|band.buckle
Fold Over with Safety Releaser|Fold-Over Push Button Deployant Clasp|band.buckle
Fold Over with Safety Trlease|Fold-Over Push Button Deployant Clasp|band.buckle
Fold Over with Safety and Diver Extension|Fold-Over Push Button Deployant Clasp|band.buckle
Fold Over with Safety release|Fold-Over Push Button Deployant Clasp|band.buckle
Fold Over with Safety set with 22 baguette d|Fold-Over Push Button Deployant Clasp|band.buckle
Fold Over with Single Push Button Release|Fold-Over Push Button Deployant Clasp|band.buckle
Fold Over with Single Push Button Releasr|Fold-Over Push Button Deployant Clasp|band.buckle
Fold Over with Single Push Button Safety Release|Fold-Over Push Button Deployant Clasp|band.buckle
Fold Over with a Double Push Button Release|Fold-Over Push Button Deployant Clasp|band.buckle
Fold Over with a Double Safety Push Button Release|Fold-Over Push Button Deployant Clasp|band.buckle
Fold Over with a Double Safety Release|Fold-Over Push Button Deployant Clasp|band.buckle
Fold Over with a Hidden Push Button Release|Fold-Over Push Button Deployant Clasp|band.buckle
Fold Over with a Push Btton Release|Fold-Over Push Button Deployant Clasp|band.buckle
Fold Over with a Push Button|Fold-Over Push Button Deployant Clasp|band.buckle
Fold Over with a Push Button  Release|Fold-Over Push Button Deployant Clasp|band.buckle
Fold Over with a Push Button RElease|Fold-Over Push Button Deployant Clasp|band.buckle
Fold Over with a Push Button Release|Fold-Over Push Button Deployant Clasp|band.buckle
Fold Over with a Push Button release|Fold-Over Push Button Deployant Clasp|band.buckle
Fold Over with a Push Buttons|Fold-Over Push Button Deployant Clasp|band.buckle
Fold Over with a Safety Latch|Fold-Over Push Button Deployant Clasp|band.buckle
Fold Over with a Safety Release|Fold-Over Push Button Deployant Clasp|band.buckle
Fold Over with a Security Release|Fold-Over Push Button Deployant Clasp|band.buckle
Fold Over with a Single Push Button Release|Fold-Over Push Button Deployant Clasp|band.buckle
Fold Over with a push Button Release|Fold-Over Push Button Deployant Clasp|band.buckle
Fold Over with double Push Button Release|Fold-Over Push Button Deployant Clasp|band.buckle
Fold Over with double push security system|Fold-Over Push Button Deployant Clasp|band.buckle
Fold Over with double safety buttons|Fold-Over Push Button Deployant Clasp|band.buckle
Fold Over with push buttons|Fold-Over Push Button Deployant Clasp|band.buckle
Fold Over with pushers|Fold-Over Push Button Deployant Clasp|band.buckle
Fold Over with safety Release|Fold-Over Push Button Deployant Clasp|band.buckle
Fold Over with safety release.|Fold-Over Push Button Deployant Clasp|band.buckle
Fold Over with with Push Button Release|Fold-Over Push Button Deployant Clasp|band.buckle
Fold Over with with Push Buttons|Fold-Over Push Button Deployant Clasp|band.buckle
Fold Over with with Push Release Button|Fold-Over Push Button Deployant Clasp|band.buckle
Fold Over with with Push button Release|Fold-Over Push Button Deployant Clasp|band.buckle
Fold Over with with Single Push Button Safety|Fold-Over Push Button Deployant Clasp|band.buckle
Fold Over withPush Button|Fold-Over Push Button Deployant Clasp|band.buckle
Fold Overt with Push Button Release|Fold-Over Push Button Deployant Clasp|band.buckle
Fold Ovewr with Push Button Release|Fold-Over Push Button Deployant Clasp|band.buckle
Fold Ovwe with Push Button Release|Fold-Over Push Button Deployant Clasp|band.buckle
Fold oveer with Push Button Release|Fold-Over Push Button Deployant Clasp|band.buckle
Fold over  with Push Button Release|Fold-Over Push Button Deployant Clasp|band.buckle
Fold over Claps with Safety|Fold-Over Push Button Deployant Clasp|band.buckle
Fold over Push Button with Safety|Fold-Over Push Button Deployant Clasp|band.buckle
Fold over Push Button with Safety Release|Fold-Over Push Button Deployant Clasp|band.buckle
Fold over With Double Push Button|Fold-Over Push Button Deployant Clasp|band.buckle
Fold over and Safety Release|Fold-Over Push Button Deployant Clasp|band.buckle
Fold over clasp with Safety|Fold-Over Push Button Deployant Clasp|band.buckle
Fold over deployment with safety|Fold-Over Push Button Deployant Clasp|band.buckle
Fold over push button|Fold-Over Push Button Deployant Clasp|band.buckle
Fold over push button deployment|Fold-Over Push Button Deployant Clasp|band.buckle
Fold over push button with safety|Fold-Over Push Button Deployant Clasp|band.buckle
Fold over with Double Push Button|Fold-Over Push Button Deployant Clasp|band.buckle
Fold over with Double Push Button Release|Fold-Over Push Button Deployant Clasp|band.buckle
Fold over with Double Push Button Safety|Fold-Over Push Button Deployant Clasp|band.buckle
Fold over with Double push Button Release|Fold-Over Push Button Deployant Clasp|band.buckle
Fold over with Double push button|Fold-Over Push Button Deployant Clasp|band.buckle
Fold over with Hidden Double Push Button|Fold-Over Push Button Deployant Clasp|band.buckle
Fold over with Hidden Double Push-Butto|Fold-Over Push Button Deployant Clasp|band.buckle
Fold over with Push Button Release|Fold-Over Push Button Deployant Clasp|band.buckle
Fold over with Push Button release|Fold-Over Push Button Deployant Clasp|band.buckle
Fold over with Safety Release|Fold-Over Push Button Deployant Clasp|band.buckle
Fold over with Single Push Button Safety|Fold-Over Push Button Deployant Clasp|band.buckle
Fold over with Single Push Button Safety Release|Fold-Over Push Button Deployant Clasp|band.buckle
Fold over with a Push Button Release|Fold-Over Push Button Deployant Clasp|band.buckle
Fold over with double push button safety|Fold-Over Push Button Deployant Clasp|band.buckle
Fold over with double push buttons|Fold-Over Push Button Deployant Clasp|band.buckle
Fold over with hidden double push button|Fold-Over Push Button Deployant Clasp|band.buckle
Fold over with push button safety|Fold-Over Push Button Deployant Clasp|band.buckle
Fold over with safety Release|Fold-Over Push Button Deployant Clasp|band.buckle
Fold over-Push Button|Fold-Over Push Button Deployant Clasp|band.buckle
Fold- over with safety lock|Fold-Over Push Button Deployant Clasp|band.buckle
Fold-Over Clasp with Push Button and Wetsuit Exten|Fold-Over Push Button Deployant Clasp|band.buckle
Fold-Over Push Button Deployant Clasp|Fold-Over Push Button Deployant Clasp|band.buckle
Fold-over Clasp with Double push button|Fold-Over Push Button Deployant Clasp|band.buckle
Fold-over with Double Push Button|Fold-Over Push Button Deployant Clasp|band.buckle
Fold-over with Double Push Button Safety|Fold-Over Push Button Deployant Clasp|band.buckle
Folde Over with Push Button Release|Fold-Over Push Button Deployant Clasp|band.buckle
Folding Clasp Push-Buttons|Fold-Over Push Button Deployant Clasp|band.buckle
Folding Clasp Push-Buttons - Fine Brushed Steel|Fold-Over Push Button Deployant Clasp|band.buckle
Folding Clasp with Double Push Security System|Fold-Over Push Button Deployant Clasp|band.buckle
Folding Clasp with Double Push-Security Sysem|Fold-Over Push Button Deployant Clasp|band.buckle
Folding Clasp with Double Push-Security System|Fold-Over Push Button Deployant Clasp|band.buckle
Folding Clasp with Push Button Release|Fold-Over Push Button Deployant Clasp|band.buckle
Folding Clasp with Push buttons|Fold-Over Push Button Deployant Clasp|band.buckle
Folding Clasp with Safety Latch|Fold-Over Push Button Deployant Clasp|band.buckle
Folding Oysterlock Safety|Fold-Over Push Button Deployant Clasp|band.buckle
Folding Oysterlock safety clasp with Easylink 5 mm comfort extension link|Fold-Over Push Button Deployant Clasp|band.buckle
Folding Oysterlock safety clasp with Rolex Glidelock extension system|Fold-Over Push Button Deployant Clasp|band.buckle
Folding With Safety Latch|Fold-Over Push Button Deployant Clasp|band.buckle
Folding clasp with double safety push-buttons|Fold-Over Push Button Deployant Clasp|band.buckle
Folding with Double Safety Push-Buttons|Fold-Over Push Button Deployant Clasp|band.buckle
Folding with Push Button|Fold-Over Push Button Deployant Clasp|band.buckle
Folding with Push Buttons|Fold-Over Push Button Deployant Clasp|band.buckle
Folkd Over with Push Button Release|Fold-Over Push Button Deployant Clasp|band.buckle
Fove Over  with Push Button Release|Fold-Over Push Button Deployant Clasp|band.buckle
Fove Over with Push Button Release|Fold-Over Push Button Deployant Clasp|band.buckle
Fover Over with Push Button Release|Fold-Over Push Button Deployant Clasp|band.buckle
Fwith Push Button Release|Fold-Over Push Button Deployant Clasp|band.buckle
Hidden Butterfuly with Push Button|Fold-Over Push Button Deployant Clasp|band.buckle
Hidden Deployment Push Button|Fold-Over Push Button Deployant Clasp|band.buckle
Hidden Deployment with Push Button Release|Fold-Over Push Button Deployant Clasp|band.buckle
Hidden Double Push Button|Fold-Over Push Button Deployant Clasp|band.buckle
Hidden Double Push Button Deployment|Fold-Over Push Button Deployant Clasp|band.buckle
Hidden Fold Over Push Button|Fold-Over Push Button Deployant Clasp|band.buckle
Hidden Fold Over Push Button Deployment|Fold-Over Push Button Deployant Clasp|band.buckle
Hidden Fold Over Push Button Release|Fold-Over Push Button Deployant Clasp|band.buckle
Hidden Fold Over with Push Button|Fold-Over Push Button Deployant Clasp|band.buckle
Hidden Fold Over with Push Button Release|Fold-Over Push Button Deployant Clasp|band.buckle
Hidden Fold Over with Safety Release|Fold-Over Push Button Deployant Clasp|band.buckle
Hidden Fold Over with a Push Button Release|Fold-Over Push Button Deployant Clasp|band.buckle
Hidden Folding Push Button|Fold-Over Push Button Deployant Clasp|band.buckle
"Hidden Folding, Push Button"|Fold-Over Push Button Deployant Clasp|band.buckle
Hidden Push Button|Fold-Over Push Button Deployant Clasp|band.buckle
Hidden Push Button Deployment|Fold-Over Push Button Deployant Clasp|band.buckle
Hidden Push Button Deployment with Triple safety R|Fold-Over Push Button Deployant Clasp|band.buckle
Hidden Push Button Fold Over|Fold-Over Push Button Deployant Clasp|band.buckle
"Hidden, Push-Button Deployment"|Fold-Over Push Button Deployant Clasp|band.buckle
Hidden. Push-Button|Fold-Over Push Button Deployant Clasp|band.buckle
Invisible Double Locking with Push Button|Fold-Over Push Button Deployant Clasp|band.buckle
Invisible Double Locking with Push Button Release|Fold-Over Push Button Deployant Clasp|band.buckle
Jewelry With Safety|Fold-Over Push Button Deployant Clasp|band.buckle
Jewelry with Push Button|Fold-Over Push Button Deployant Clasp|band.buckle
Jewelry with Push Button Release|Fold-Over Push Button Deployant Clasp|band.buckle
Jewelry with Safety|Fold-Over Push Button Deployant Clasp|band.buckle
Jewelry with Safety Release|Fold-Over Push Button Deployant Clasp|band.buckle
Jewelry with push button|Fold-Over Push Button Deployant Clasp|band.buckle
Large Fold Over with Safety Push Buttons|Fold-Over Push Button Deployant Clasp|band.buckle
Locking Deployment with Push Button|Fold-Over Push Button Deployant Clasp|band.buckle
Notes Stainless steel security folding clasp with extension|Fold-Over Push Button Deployant Clasp|band.buckle
Oysterlock Safety|Fold-Over Push Button Deployant Clasp|band.buckle
Pin Buckle with Safety Snap|Fold-Over Push Button Deployant Clasp|band.buckle
Push Buton Fold Over|Fold-Over Push Button Deployant Clasp|band.buckle
Push Button|Fold-Over Push Button Deployant Clasp|band.buckle
Push Button Buckle|Fold-Over Push Button Deployant Clasp|band.buckle
Push Button Buckle Deployment|Fold-Over Push Button Deployant Clasp|band.buckle
Push Button Butterfly|Fold-Over Push Button Deployant Clasp|band.buckle
Push Button Case Fold-Under|Fold-Over Push Button Deployant Clasp|band.buckle
Push Button Clasp|Fold-Over Push Button Deployant Clasp|band.buckle
Push Button Deplayment|Fold-Over Push Button Deployant Clasp|band.buckle
Push Button Deployant|Fold-Over Push Button Deployant Clasp|band.buckle
Push Button Deployant Buckle|Fold-Over Push Button Deployant Clasp|band.buckle
Push Button Deployant Clasp|Fold-Over Push Button Deployant Clasp|band.buckle
Push Button Deployment|Fold-Over Push Button Deployant Clasp|band.buckle
Push Button Deployment Buckle|Fold-Over Push Button Deployant Clasp|band.buckle
Push Button Deployment Clasp|Fold-Over Push Button Deployant Clasp|band.buckle
Push Button Deployment with engraved Akribbos XXIV|Fold-Over Push Button Deployant Clasp|band.buckle
Push Button Double Fold Over|Fold-Over Push Button Deployant Clasp|band.buckle
Push Button Dual Deployment|Fold-Over Push Button Deployant Clasp|band.buckle
Push Button Fold Over|Fold-Over Push Button Deployant Clasp|band.buckle
Push Button Fold Over with Safety|Fold-Over Push Button Deployant Clasp|band.buckle
Push Button Fold-Over|Fold-Over Push Button Deployant Clasp|band.buckle
Push Button Fold-Over with Safety|Fold-Over Push Button Deployant Clasp|band.buckle
Push Button Fold-through Deployment|Fold-Over Push Button Deployant Clasp|band.buckle
Push Button Folding|Fold-Over Push Button Deployant Clasp|band.buckle
Push Button Folding Clasp|Fold-Over Push Button Deployant Clasp|band.buckle
Push Button Folding Clasp with Triple Safety|Fold-Over Push Button Deployant Clasp|band.buckle
Push Button Foldover|Fold-Over Push Button Deployant Clasp|band.buckle
Push Button Foldover Clasp|Fold-Over Push Button Deployant Clasp|band.buckle
Push Button Hidden|Fold-Over Push Button Deployant Clasp|band.buckle
Push Button Hidden Deployment|Fold-Over Push Button Deployant Clasp|band.buckle
Push Button Hidden Fold Over|Fold-Over Push Button Deployant Clasp|band.buckle
Push Button Jewelry|Fold-Over Push Button Deployant Clasp|band.buckle
Push Button Locking|Fold-Over Push Button Deployant Clasp|band.buckle
Push Button Release|Fold-Over Push Button Deployant Clasp|band.buckle
Push Button Safety|Fold-Over Push Button Deployant Clasp|band.buckle
Push Button Safety Release|Fold-Over Push Button Deployant Clasp|band.buckle
Push Button Tang|Fold-Over Push Button Deployant Clasp|band.buckle
Push Button butterfly|Fold-Over Push Button Deployant Clasp|band.buckle
Push Button fold over|Fold-Over Push Button Deployant Clasp|band.buckle
Push Button-Deployment|Fold-Over Push Button Deployant Clasp|band.buckle
Push Button-Fold over|Fold-Over Push Button Deployant Clasp|band.buckle
Push Buttton Fold over|Fold-Over Push Button Deployant Clasp|band.buckle
Push Deployment|Fold-Over Push Button Deployant Clasp|band.buckle
Push Down Fold Over|Fold-Over Push Button Deployant Clasp|band.buckle
Push Down Foldover|Fold-Over Push Button Deployant Clasp|band.buckle
Push Down Foldover Clasp|Fold-Over Push Button Deployant Clasp|band.buckle
Push button|Fold-Over Push Button Deployant Clasp|band.buckle
Push button Double Fold Over|Fold-Over Push Button Deployant Clasp|band.buckle
Push button Release|Fold-Over Push Button Deployant Clasp|band.buckle
Push button deployment|Fold-Over Push Button Deployant Clasp|band.buckle
Push button deployment (fold over)|Fold-Over Push Button Deployant Clasp|band.buckle
Push button deployment with buckle|Fold-Over Push Button Deployant Clasp|band.buckle
Push button deployment with engraved Akribbos XXIV|Fold-Over Push Button Deployant Clasp|band.buckle
Push button deployment with safety|Fold-Over Push Button Deployant Clasp|band.buckle
Push button dual deployant|Fold-Over Push Button Deployant Clasp|band.buckle
Push button dual deployment|Fold-Over Push Button Deployant Clasp|band.buckle
Push button fold-over|Fold-Over Push Button Deployant Clasp|band.buckle
Push button fold-over with safety|Fold-Over Push Button Deployant Clasp|band.buckle
Push button foldover|Fold-Over Push Button Deployant Clasp|band.buckle
Push button hidden|Fold-Over Push Button Deployant Clasp|band.buckle
Push button hidden deployment|Fold-Over Push Button Deployant Clasp|band.buckle
Push buttond deployment|Fold-Over Push Button Deployant Clasp|band.buckle
Push-Button Deployment|Fold-Over Push Button Deployant Clasp|band.buckle
Push-botton deployment|Fold-Over Push Button Deployant Clasp|band.buckle
Push-button Deployment|Fold-Over Push Button Deployant Clasp|band.buckle
Push-button Deplyoment|Fold-Over Push Button Deployant Clasp|band.buckle
Push-button Folding|Fold-Over Push Button Deployant Clasp|band.buckle
Push-button deployment|Fold-Over Push Button Deployant Clasp|band.buckle
Push-button deployment clasp|Fold-Over Push Button Deployant Clasp|band.buckle
Push-button deployment clasp with safety|Fold-Over Push Button Deployant Clasp|band.buckle
Pushbutton|Fold-Over Push Button Deployant Clasp|band.buckle
Pushbutton Folding Clasp|Fold-Over Push Button Deployant Clasp|band.buckle
Pushbutton Folding-Clasp|Fold-Over Push Button Deployant Clasp|band.buckle
Pusher Butterfly|Fold-Over Push Button Deployant Clasp|band.buckle
Rolex Folding Oysterlock Safety|Fold-Over Push Button Deployant Clasp|band.buckle
Safety|Fold-Over Push Button Deployant Clasp|band.buckle
Safety (Diver's Extension)|Fold-Over Push Button Deployant Clasp|band.buckle
Safety Diver|Fold-Over Push Button Deployant Clasp|band.buckle
Safety Fold Over|Fold-Over Push Button Deployant Clasp|band.buckle
Safety Fold Over Clasp with Push Buttons|Fold-Over Push Button Deployant Clasp|band.buckle
Safety Fold Over with Push Button|Fold-Over Push Button Deployant Clasp|band.buckle
Safety Fold Over with Push Buttons|Fold-Over Push Button Deployant Clasp|band.buckle
Safety Mesh|Fold-Over Push Button Deployant Clasp|band.buckle
Safety Mesh Buckle|Fold-Over Push Button Deployant Clasp|band.buckle
Safety Release|Fold-Over Push Button Deployant Clasp|band.buckle
Safety Strap Clasp|Fold-Over Push Button Deployant Clasp|band.buckle
Secured Fold Over|Fold-Over Push Button Deployant Clasp|band.buckle
Security Fold Over|Fold-Over Push Button Deployant Clasp|band.buckle
Security and Diver Extension|Fold-Over Push Button Deployant Clasp|band.buckle
Single Push Buttom Deployment|Fold-Over Push Button Deployant Clasp|band.buckle
Single Push Button Deployment|Fold-Over Push Button Deployant Clasp|band.buckle
Slip Through Push Button|Fold-Over Push Button Deployant Clasp|band.buckle
Slip Through Push Button Release|Fold-Over Push Button Deployant Clasp|band.buckle
Slip Through with Push Button Release|Fold-Over Push Button Deployant Clasp|band.buckle
Slip Through with a Push Button Release|Fold-Over Push Button Deployant Clasp|band.buckle
Stainless Steel Hidden Double Push Button|Fold-Over Push Button Deployant Clasp|band.buckle
Tang Deployment with Push Button|Fold-Over Push Button Deployant Clasp|band.buckle
Three Fold Over with Push Button Release|Fold-Over Push Button Deployant Clasp|band.buckle
Three Fold with Push Button Release|Fold-Over Push Button Deployant Clasp|band.buckle
Three Fold with Safety Release|Fold-Over Push Button Deployant Clasp|band.buckle
Three-fold clasp with push button release|Fold-Over Push Button Deployant Clasp|band.buckle
"Three-fold clasp with secure lock & push button release, solid & slide adjuster"|Fold-Over Push Button Deployant Clasp|band.buckle
"Three-fold clasp with secure lock , push button release with extender"|Fold-Over Push Button Deployant Clasp|band.buckle
"Three-fold clasp with secure lock ,push button release"|Fold-Over Push Button Deployant Clasp|band.buckle
Three-fold with Push Button|Fold-Over Push Button Deployant Clasp|band.buckle
Three-fold with push button release|Fold-Over Push Button Deployant Clasp|band.buckle
Titamium Double Fold Over with Push Button|Fold-Over Push Button Deployant Clasp|band.buckle
Titanium Double Fold Over  with Push Button|Fold-Over Push Button Deployant Clasp|band.buckle
Titanium Double Fold Over Clwith Push Button|Fold-Over Push Button Deployant Clasp|band.buckle
Titanium Double Fold Over with Push Button|Fold-Over Push Button Deployant Clasp|band.buckle
Titanium Double Folding Clasp with Push Button|Fold-Over Push Button Deployant Clasp|band.buckle
Titanium Double Folding with Push Button|Fold-Over Push Button Deployant Clasp|band.buckle
Titanium Fold Over with Safety Release|Fold-Over Push Button Deployant Clasp|band.buckle
Titanium Fold over with Safety Release|Fold-Over Push Button Deployant Clasp|band.buckle
Titanium Hidden Push Button Deployment|Fold-Over Push Button Deployant Clasp|band.buckle
Titanium Push Button|Fold-Over Push Button Deployant Clasp|band.buckle
Titanium Push Button Safety|Fold-Over Push Button Deployant Clasp|band.buckle
Titanium Safety|Fold-Over Push Button Deployant Clasp|band.buckle
Titanium safety|Fold-Over Push Button Deployant Clasp|band.buckle
Tri-Fold Over with Safety|Fold-Over Push Button Deployant Clasp|band.buckle
Tri-Fold with a Push Button Release|Fold-Over Push Button Deployant Clasp|band.buckle
Triple Fold Over Safety|Fold-Over Push Button Deployant Clasp|band.buckle
Triple Fold Over Security|Fold-Over Push Button Deployant Clasp|band.buckle
Triple Fold Over with Push Button Release|Fold-Over Push Button Deployant Clasp|band.buckle
Triple Fold Over with Push button Release|Fold-Over Push Button Deployant Clasp|band.buckle
Triple Fold Over with Safety|Fold-Over Push Button Deployant Clasp|band.buckle
Triple Fold Over with Safety Release|Fold-Over Push Button Deployant Clasp|band.buckle
Triple Fold Over with a Push Button Release|Fold-Over Push Button Deployant Clasp|band.buckle
Triple Fold Over with security push buttons|Fold-Over Push Button Deployant Clasp|band.buckle
Triple Folding Buckle and Push - Piece Opening Mec|Fold-Over Push Button Deployant Clasp|band.buckle
Triple Folding with Push Button Release|Fold-Over Push Button Deployant Clasp|band.buckle
Triple Push Button Safety|Fold-Over Push Button Deployant Clasp|band.buckle
Triple Safety|Fold-Over Push Button Deployant Clasp|band.buckle
Triple Safety Fold Over|Fold-Over Push Button Deployant Clasp|band.buckle
Triple Safety Folding|Fold-Over Push Button Deployant Clasp|band.buckle
Triple Safety Folding Buckle|Fold-Over Push Button Deployant Clasp|band.buckle
Triple Safety Folding Clasp|Fold-Over Push Button Deployant Clasp|band.buckle
Triple Safety Folding Clasp With Push-peice Opening Mechanism|Fold-Over Push Button Deployant Clasp|band.buckle
Triple Safety Folding and Push- Piece Opening Mech|Fold-Over Push Button Deployant Clasp|band.buckle
Triple Safety and Push- Piece Opening Mechan|Fold-Over Push Button Deployant Clasp|band.buckle
Triple folding clasp with push piece opening mecha|Fold-Over Push Button Deployant Clasp|band.buckle
Triple safety folding|Fold-Over Push Button Deployant Clasp|band.buckle
Triple safety folding and push-piece opening mecha|Fold-Over Push Button Deployant Clasp|band.buckle
Triple-folding clasp with push-button release|Fold-Over Push Button Deployant Clasp|band.buckle
Twin Push Button Fold Over|Fold-Over Push Button Deployant Clasp|band.buckle
Two-button push release buckle|Fold-Over Push Button Deployant Clasp|band.buckle
Two-button push-release buckle|Fold-Over Push Button Deployant Clasp|band.buckle
Two-button push-release buckle deployment|Fold-Over Push Button Deployant Clasp|band.buckle
White Gold Deployment with Push Button|Fold-Over Push Button Deployant Clasp|band.buckle
White Gold Triple Fold Over with Safety|Fold-Over Push Button Deployant Clasp|band.buckle
deployment with Push Button Release|Fold-Over Push Button Deployant Clasp|band.buckle
deployment-clasp-with-push-button|Fold-Over Push Button Deployant Clasp|band.buckle
fold Over with Push Button Release|Fold-Over Push Button Deployant Clasp|band.buckle
fold Over with Safety Release|Fold-Over Push Button Deployant Clasp|band.buckle
fold over with Push button Release|Fold-Over Push Button Deployant Clasp|band.buckle
folding clasp with push-buttons|Fold-Over Push Button Deployant Clasp|band.buckle
folding clasp with safety|Fold-Over Push Button Deployant Clasp|band.buckle
folding clasp with safety and diver extension|Fold-Over Push Button Deployant Clasp|band.buckle
old Over  with Push Button Release|Fold-Over Push Button Deployant Clasp|band.buckle
old Over with Push Button Release|Fold-Over Push Button Deployant Clasp|band.buckle
push button fold-over|Fold-Over Push Button Deployant Clasp|band.buckle
push-button-clasp|Fold-Over Push Button Deployant Clasp|band.buckle
safety clasp and diver extention|Fold-Over Push Button Deployant Clasp|band.buckle
Fold Over with Jewelry Closure|Jewelry Clasp|band.buckle
Jewelery|Jewelry Clasp|band.buckle
Jewellery|Jewelry Clasp|band.buckle
Jewelry|Jewelry Clasp|band.buckle
Jewelry (Adjust O Matic)|Jewelry Clasp|band.buckle
Jewelry Buckle|Jewelry Clasp|band.buckle
Jewelry Clasp|Jewelry Clasp|band.buckle
Jewelry and Tang|Jewelry Clasp|band.buckle
jewelry|Jewelry Clasp|band.buckle
 Top zip closure|NOT MAPPED|band.buckle
 fastener stainless steel polished|NOT MAPPED|band.buckle
-|NOT MAPPED|band.buckle
110 brilliant-cut diamonds (~0.55 carat)|NOT MAPPED|band.buckle
"14 brilliant-cut diamonds ~ 0,118 ct (for full set version only)"|NOT MAPPED|band.buckle
"14 brilliant-cut diamonds ~0,118 ct"|NOT MAPPED|band.buckle
"14 emerald-cut diamonds ~0,75 ct"|NOT MAPPED|band.buckle
"18 brilliant-cut diamonds ~0,20 ct"|NOT MAPPED|band.buckle
18K Red Gold and Black-plated Stainless Steel Depl|NOT MAPPED|band.buckle
18k Gold 5N and Black-Plated|NOT MAPPED|band.buckle
18k Rose Gold set with Diamonds|NOT MAPPED|band.buckle
18k White Gold Integrated|NOT MAPPED|band.buckle
18kt Rose Gold|NOT MAPPED|band.buckle
18kt White Gold|NOT MAPPED|band.buckle
18kt Yellow Gold|NOT MAPPED|band.buckle
2 ct)|NOT MAPPED|band.buckle
23 ct)|NOT MAPPED|band.buckle
26 diamonds (~0.14 ct.)|NOT MAPPED|band.buckle
282 baguette-cut diamonds (~8.49 carats) and 254 brilliant-cut diamonds (~6.68 carats)|NOT MAPPED|band.buckle
30 brilliant-cut diamonds (~0.33 carat)|NOT MAPPED|band.buckle
"31 brilliant-cut diamonds ~0,45 ct"|NOT MAPPED|band.buckle
31 brilliant-cut diamonds ~0.45 ct|NOT MAPPED|band.buckle
34 ct)|NOT MAPPED|band.buckle
404 diamonds (~2.46 carats)|NOT MAPPED|band.buckle
48 brilliant-cut diamonds (~0.28 carat)|NOT MAPPED|band.buckle
7 baguette-cut diamonds ~0.55 ct|NOT MAPPED|band.buckle
80 brilliant-cut diamonds (~ 0.48 carat)|NOT MAPPED|band.buckle
80 brilliant-cut diamonds (~0.48 carat)|NOT MAPPED|band.buckle
80 brilliant-cut diamonds (~0.49 carat)|NOT MAPPED|band.buckle
97 ct)|NOT MAPPED|band.buckle
Adjust-O-Matic|NOT MAPPED|band.buckle
Adjust-o-Matic|NOT MAPPED|band.buckle
Adjustable|NOT MAPPED|band.buckle
Adjustable Steel|NOT MAPPED|band.buckle
Band Not Included|NOT MAPPED|band.buckle
Bangle|NOT MAPPED|band.buckle
Bangle Bracelet|NOT MAPPED|band.buckle
Bangle bracelet|NOT MAPPED|band.buckle
Belt Loop|NOT MAPPED|band.buckle
Black|NOT MAPPED|band.buckle
Black Concentric|NOT MAPPED|band.buckle
Black DLC-coated Titanium|NOT MAPPED|band.buckle
Black Ion Plated Steel|NOT MAPPED|band.buckle
Black PVD Steel|NOT MAPPED|band.buckle
Blue|NOT MAPPED|band.buckle
Book|NOT MAPPED|band.buckle
Box|NOT MAPPED|band.buckle
Brushed|NOT MAPPED|band.buckle
Bujtterfly|Butterfly|band.buckle
Button Box|NOT MAPPED|band.buckle
Button Flap|NOT MAPPED|band.buckle
C-Link|NOT MAPPED|band.buckle
CSX-36 Diamond|NOT MAPPED|band.buckle
Car|NOT MAPPED|band.buckle
Champagne|NOT MAPPED|band.buckle
Chocolate Ceramic Gold|NOT MAPPED|band.buckle
Clip|NOT MAPPED|band.buckle
Clip and Hook|NOT MAPPED|band.buckle
Closure|NOT MAPPED|band.buckle
Crown|NOT MAPPED|band.buckle
Crownlock|NOT MAPPED|band.buckle
D-Ring|NOT MAPPED|band.buckle
Deplyoment|Deployant Clasp|band.buckle
Depoyment|Deployant Clasp|band.buckle
Diamond Set|NOT MAPPED|band.buckle
Diver|NOT MAPPED|band.buckle
Divers|NOT MAPPED|band.buckle
Divers with Dafety Release|NOT MAPPED|band.buckle
Double Adjustable Depoyant|NOT MAPPED|band.buckle
Double Button Stud|NOT MAPPED|band.buckle
Double Locking|NOT MAPPED|band.buckle
Double Locking with Micro Adjust|NOT MAPPED|band.buckle
Double Press Sport|NOT MAPPED|band.buckle
Double locking|NOT MAPPED|band.buckle
Double-Press Sport|NOT MAPPED|band.buckle
ETA 901.001|NOT MAPPED|band.buckle
Easylink 5mm comfort extension link|NOT MAPPED|band.buckle
Expandable Bracelet|NOT MAPPED|band.buckle
Expanding|NOT MAPPED|band.buckle
Expansion|NOT MAPPED|band.buckle
Expansion Band|NOT MAPPED|band.buckle
Expansion-band|NOT MAPPED|band.buckle
Fancy|NOT MAPPED|band.buckle
Features Easylink 5mm comfort extension link|NOT MAPPED|band.buckle
Features Micro Adjustments (tool required)|NOT MAPPED|band.buckle
Features Rolex 20mm Glidelock Extension System|NOT MAPPED|band.buckle
Fiold Over|Deployant Clasp|band.buckle
Flap|NOT MAPPED|band.buckle
Floding|Deployant Clasp|band.buckle
"Fluted, engraved, quick-lock"|NOT MAPPED|band.buckle
Foilding|Deployant Clasp|band.buckle
Foled (snap) type|Deployant Clasp|band.buckle
Friction|NOT MAPPED|band.buckle
G-Hook|NOT MAPPED|band.buckle
G-Link|NOT MAPPED|band.buckle
Glidelock|NOT MAPPED|band.buckle
Glidelock  Adjustable|NOT MAPPED|band.buckle
Hideen|NOT MAPPED|band.buckle
Hinge|NOT MAPPED|band.buckle
Hinged|NOT MAPPED|band.buckle
Hinged Bangle|NOT MAPPED|band.buckle
Hinged Connector|NOT MAPPED|band.buckle
Hinged-Snap|NOT MAPPED|band.buckle
Hook|NOT MAPPED|band.buckle
Hook Snap|NOT MAPPED|band.buckle
IN24237|NOT MAPPED|band.buckle
Ideale|NOT MAPPED|band.buckle
Integrated|NOT MAPPED|band.buckle
Invisable Double Loacking|NOT MAPPED|band.buckle
Invisable Double Locking|NOT MAPPED|band.buckle
Invisible Double Locking|NOT MAPPED|band.buckle
Invisible Double-locking|NOT MAPPED|band.buckle
Invisible double locking|NOT MAPPED|band.buckle
Jubilee|NOT MAPPED|band.buckle
Lift|NOT MAPPED|band.buckle
Link Fastening|NOT MAPPED|band.buckle
Lobster|NOT MAPPED|band.buckle
Lobster Claw|NOT MAPPED|band.buckle
Lobster claw|NOT MAPPED|band.buckle
Lobster claw gold plated stainless steel|NOT MAPPED|band.buckle
Lobster-claw|NOT MAPPED|band.buckle
Locking|NOT MAPPED|band.buckle
Mademoiselle turnlock|NOT MAPPED|band.buckle
Magnetic|NOT MAPPED|band.buckle
Micro Adjust|NOT MAPPED|band.buckle
Micro Adjustments (tool required)|NOT MAPPED|band.buckle
Microblasted Black Ceramic and Black-plated Stainl|NOT MAPPED|band.buckle
Milanese|NOT MAPPED|band.buckle
No|NOT MAPPED|band.buckle
Notes Black Brushed Ceramic|NOT MAPPED|band.buckle
Notes Black Ceramic|NOT MAPPED|band.buckle
Notes Black Ceramic & Black Titanium|NOT MAPPED|band.buckle
Notes Black DLC Coated|NOT MAPPED|band.buckle
Notes Black DLC Coated Stainless Steel|NOT MAPPED|band.buckle
Notes Black DLC coated titanium|NOT MAPPED|band.buckle
Notes Black DLC treated steel|NOT MAPPED|band.buckle
Notes Black PVD Coated|NOT MAPPED|band.buckle
Notes Black PVD coated steet|NOT MAPPED|band.buckle
Notes Black PVD titanium|NOT MAPPED|band.buckle
Notes Black Steel|NOT MAPPED|band.buckle
Notes Black Titanium|NOT MAPPED|band.buckle
Notes Black steel|NOT MAPPED|band.buckle
Notes Black titanium|NOT MAPPED|band.buckle
Notes Black titanium carbide coated titanium|NOT MAPPED|band.buckle
Notes Blacksteel Finish|NOT MAPPED|band.buckle
Notes Blue Ceramic & Titanium|NOT MAPPED|band.buckle
Notes Breitlight|NOT MAPPED|band.buckle
Notes Brushed Ceramic|NOT MAPPED|band.buckle
Notes Cutting to size required|NOT MAPPED|band.buckle
Notes Embedded rose gold element|NOT MAPPED|band.buckle
Notes Gold & Titanium|NOT MAPPED|band.buckle
Notes Grey PVD Coated|NOT MAPPED|band.buckle
Notes Lift Design Latch|NOT MAPPED|band.buckle
Notes Rose Gold|NOT MAPPED|band.buckle
Notes Rose Gold PVD Plated|NOT MAPPED|band.buckle
Notes Set with 24 diamonds|NOT MAPPED|band.buckle
Notes Set with 38 diamonds +/- 0.37 carats|NOT MAPPED|band.buckle
Notes Solid 18kt Rose Gold|NOT MAPPED|band.buckle
Notes Stainless Steel|NOT MAPPED|band.buckle
Notes Titanium|NOT MAPPED|band.buckle
Notes Titanium & blue ceramic|NOT MAPPED|band.buckle
Notes Titanium & white ceramic|NOT MAPPED|band.buckle
Notes Titanium and Black-plated Titanium|NOT MAPPED|band.buckle
Notes With Bugatti grill logo|NOT MAPPED|band.buckle
Notes+ 3 Calfskin & 3 NATO Straps|NOT MAPPED|band.buckle
Notes+ additional stainless steel bracelet|NOT MAPPED|band.buckle
Notes18kt white gold|NOT MAPPED|band.buckle
Notesset with 19 diamonds weighing +/- 0.135ct|NOT MAPPED|band.buckle
Notesset with 26 diamonds weighing +/- 0.12ct|NOT MAPPED|band.buckle
Notesset with 29 diamonds weighing +/- 0.27ct|NOT MAPPED|band.buckle
Notestitanium|NOT MAPPED|band.buckle
Noteswith diving extention link|NOT MAPPED|band.buckle
Noteswith extension|NOT MAPPED|band.buckle
Ocean Racer|NOT MAPPED|band.buckle
Open|NOT MAPPED|band.buckle
Osyterlock|NOT MAPPED|band.buckle
PVD Coated Stainless Steel|NOT MAPPED|band.buckle
Padlock|NOT MAPPED|band.buckle
Patent Locking System|NOT MAPPED|band.buckle
Personalized|NOT MAPPED|band.buckle
Personalized 18k Rose Gold|NOT MAPPED|band.buckle
Personalized Stainless Steel|NOT MAPPED|band.buckle
Pilot|NOT MAPPED|band.buckle
Platinum|NOT MAPPED|band.buckle
Pull|NOT MAPPED|band.buckle
Quick Release Adjustment|NOT MAPPED|band.buckle
Racer|NOT MAPPED|band.buckle
Ratchet|NOT MAPPED|band.buckle
Regular|NOT MAPPED|band.buckle
Rolex 20mm Glidelock Extension System|NOT MAPPED|band.buckle
Roll Bar|NOT MAPPED|band.buckle
Rose|NOT MAPPED|band.buckle
Self-Adjustable|NOT MAPPED|band.buckle
Set with 26 Diamonds|NOT MAPPED|band.buckle
Silver-tone|NOT MAPPED|band.buckle
Single Loop|NOT MAPPED|band.buckle
Slide|NOT MAPPED|band.buckle
Slide Through|NOT MAPPED|band.buckle
Slider|NOT MAPPED|band.buckle
Sliding|NOT MAPPED|band.buckle
Sliding Closure|NOT MAPPED|band.buckle
Slip Though|NOT MAPPED|band.buckle
Slip Thru|NOT MAPPED|band.buckle
Slop Through|NOT MAPPED|band.buckle
Snap|NOT MAPPED|band.buckle
Snap Back Closed|NOT MAPPED|band.buckle
Snap Button and Thread|NOT MAPPED|band.buckle
Snap closure|NOT MAPPED|band.buckle
Special|NOT MAPPED|band.buckle
Spring-loaded Hinge|NOT MAPPED|band.buckle
Stainless Steel|NOT MAPPED|band.buckle
Stainless Steel with Panerai Logo|NOT MAPPED|band.buckle
Stainless Steel with black PVD treatment|NOT MAPPED|band.buckle
Stainless steel|NOT MAPPED|band.buckle
"Stainless steel ""Milanese"""|NOT MAPPED|band.buckle
Steel|NOT MAPPED|band.buckle
Strap type|NOT MAPPED|band.buckle
Strech Band|NOT MAPPED|band.buckle
T-bar|NOT MAPPED|band.buckle
Tag|NOT MAPPED|band.buckle
Teng|NOT MAPPED|band.buckle
Titanium|NOT MAPPED|band.buckle
Titanium Screw In|NOT MAPPED|band.buckle
Toggle|NOT MAPPED|band.buckle
Toggle Sliding|NOT MAPPED|band.buckle
Twirl|NOT MAPPED|band.buckle
Unidirectional Stainless steel|NOT MAPPED|band.buckle
Velcro|NOT MAPPED|band.buckle
Velro|NOT MAPPED|band.buckle
Vutterfly|Butterfly|band.buckle
White|NOT MAPPED|band.buckle
Without fastener|NOT MAPPED|band.buckle
black leather|NOT MAPPED|band.buckle
black leather ribbon|NOT MAPPED|band.buckle
cultured pearls|NOT MAPPED|band.buckle
diamonds and onyx elements.|NOT MAPPED|band.buckle
diamonds.|NOT MAPPED|band.buckle
engraved Chopard stainless steel|NOT MAPPED|band.buckle
onyx elements.|NOT MAPPED|band.buckle
or without the cuff|NOT MAPPED|band.buckle
racing design|NOT MAPPED|band.buckle
red leather|NOT MAPPED|band.buckle
with 16 Baguette Diamonds|NOT MAPPED|band.buckle
"‚ÄúGrande Tapisserie‚Äù pattern, white gold applied hour-markers and aperture"|NOT MAPPED|band.buckle
18K Rose Gold  Double Folding Hidden Clasp|Safety Strap Clasp|band.buckle
18k Rose Gold Deployment Hidden Fold Over|Safety Strap Clasp|band.buckle
"18k Rose Gold, Deployment, Hidden Fold Over"|Safety Strap Clasp|band.buckle
18k rose gold deployment hidden Fold Over|Safety Strap Clasp|band.buckle
Concealed|Safety Strap Clasp|band.buckle
Concealed Crown|Safety Strap Clasp|band.buckle
Concealed Crownclasp|Safety Strap Clasp|band.buckle
Concealed Fold Over|Safety Strap Clasp|band.buckle
Concealed Fold Over Crown|Safety Strap Clasp|band.buckle
Concealed Folding|Safety Strap Clasp|band.buckle
Concealed Folding Clasp|Safety Strap Clasp|band.buckle
Concealed Folding Crown|Safety Strap Clasp|band.buckle
Concealed Folding Crownclasp|Safety Strap Clasp|band.buckle
Concealed crown|Safety Strap Clasp|band.buckle
Concealed folding Crownclasp|Safety Strap Clasp|band.buckle
Deployment Hidden|Safety Strap Clasp|band.buckle
Deployment Hidden Fold Over|Safety Strap Clasp|band.buckle
"Deployment, Hidden Fold Over"|Safety Strap Clasp|band.buckle
Double Fold Over Hidden|Safety Strap Clasp|band.buckle
Double Hidden Folded|Safety Strap Clasp|band.buckle
Fold Over  Slip Through|Safety Strap Clasp|band.buckle
Fold Over Hidden|Safety Strap Clasp|band.buckle
Fold Over Slip Through|Safety Strap Clasp|band.buckle
Fold Over Slip Through  (Milanese)|Safety Strap Clasp|band.buckle
Fold Over Slip Through (Milanese)|Safety Strap Clasp|band.buckle
Fold Over with Slip Through|Safety Strap Clasp|band.buckle
Foldin Hidden|Safety Strap Clasp|band.buckle
HIdden Deployment|Safety Strap Clasp|band.buckle
Hidden|Safety Strap Clasp|band.buckle
Hidden  Fold Over|Safety Strap Clasp|band.buckle
Hidden Buckle|Safety Strap Clasp|band.buckle
Hidden Deployant|Safety Strap Clasp|band.buckle
Hidden Deployment|Safety Strap Clasp|band.buckle
Hidden Deployment Clasp|Safety Strap Clasp|band.buckle
Hidden Deployment Clasp and Buckle|Safety Strap Clasp|band.buckle
Hidden Deployment Fold Over|Safety Strap Clasp|band.buckle
Hidden Dold Over|Safety Strap Clasp|band.buckle
Hidden Double Fold|Safety Strap Clasp|band.buckle
Hidden Double Fold Over|Safety Strap Clasp|band.buckle
Hidden Double Fold Over Deployment|Safety Strap Clasp|band.buckle
Hidden Double Folding|Safety Strap Clasp|band.buckle
Hidden Double Locking|Safety Strap Clasp|band.buckle
Hidden Fold Over|Safety Strap Clasp|band.buckle
Hidden Fold Over 0|Safety Strap Clasp|band.buckle
Hidden Fold Over Deploment|Safety Strap Clasp|band.buckle
Hidden Fold Over Deployment|Safety Strap Clasp|band.buckle
Hidden Fold Over deployment|Safety Strap Clasp|band.buckle
Hidden Folding|Safety Strap Clasp|band.buckle
Hidden Folding Clasp|Safety Strap Clasp|band.buckle
Hidden Triple Fold Over|Safety Strap Clasp|band.buckle
Hidden clasp|Safety Strap Clasp|band.buckle
Hidden deployment|Safety Strap Clasp|band.buckle
Hidden deployment buckle|Safety Strap Clasp|band.buckle
Rolex Concealed Folding Crownclasp|Safety Strap Clasp|band.buckle
Slip THrough|Safety Strap Clasp|band.buckle
Slip THrough Hook|Safety Strap Clasp|band.buckle
Slip THrough with Eyelet Hole Closure.|Safety Strap Clasp|band.buckle
Slip Through|Safety Strap Clasp|band.buckle
Slip Through Buckle|Safety Strap Clasp|band.buckle
Slip Through Deployment|Safety Strap Clasp|band.buckle
Titanium Deployment Hidden Fold Over|Safety Strap Clasp|band.buckle
Triple Fold Over Hidden Deployment|Safety Strap Clasp|band.buckle
concealed crown|Safety Strap Clasp|band.buckle
hidden EFold Over|Safety Strap Clasp|band.buckle
hidden Fold Over|Safety Strap Clasp|band.buckle