2.8 mm Thick Plexiglass | Acrylic
Acrylic | Acrylic
Acrylic / Plexiglass | Acrylic
Acrylic Glass | Acrylic
Acrylic Safety | Acrylic
Aluminosilicate Glass | Mineral
Amber | Mineral
Amber Crystal | Mineral
Anit-glare Sapphire | Sapphire
Ant-Reflective Mineral | Mineral
Ant-reflective Scratch Resistant Sapphire | Sapphire
Anti Reflective Scratch Resistant Sapphire | Sapphire
Anti-Reflective Flame Fusion | Mineral
Anti-Reflective Flame Fusion Crystal | Mineral
Anti-Reflective K1 | Mineral
Anti-Reflective Mineral | Mineral
Anti-Reflective Mineral Crystal | Mineral
Anti-Reflective Sapphire | Sapphire
Anti-Reflective Sapphitek | Sapphire
Anti-Reflective Scratch Resistant K1 | Mineral
Anti-Reflective Scratch Resistant Sapphire | Sapphire
Anti-Reflective sapphire | Sapphire
Anti-Reflective, Scratch Resistant Sapphire | Sapphire
Anti-Refllective, Scratch Resistant Sapphire | Sapphire
Anti-eflective Scratch Resistant Sapphire | Sapphire
Anti-glare Sapphire | Sapphire
Anti-glare Scratch Resistant Sapphire | Sapphire
Anti-reflctive Scratch Resistant Sapphire | Sapphire
Anti-reflectice Scratch Resistant Sapphire | Sapphire
Anti-reflective Flame Fusion | Mineral
Anti-reflective Mineral | Mineral
Anti-reflective Plexiglass | Acrylic
Anti-reflective Sapphire | Sapphire
Anti-reflective Scratch Resistant Sapphire | Sapphire
Anti-reflective mineral crystal | Mineral
Anti-reflective sapphire | Sapphire
Anti-reflectiveScratch Resistant Sapphire | Sapphire
Antiglare Mineral | Mineral
Antireflective Sapphire | Sapphire
Antireflective-sapphire | Sapphire
Antireflex Sapphire | Sapphire
Arcylic | Acrylic
Blue Mineral Glass | Mineral
Blue Plexiglass | Acrylic
Box-shaped Hardlex | Mineral
Cambered Glareproof Sapphire | Sapphire
Cambered Glareproofed Sapphire | Sapphire
Cambered Glareproofed Sappphire | Sapphire
Cambered Polycarbonate | Mineral
Cambered Saphire, Glareproof | Sapphire
Cambered Sapphire | Sapphire
Cambered Sapphire, Glareproof | Sapphire
Cambered Sapphire, Glareproofed both sides | Sapphire
Cambered sapphire with anti-reflective coating on | Sapphire
Cambered sapphire, glareproofed both sides | Sapphire
Cambired Sapphire | Sapphire
Chambered Sapphire | Sapphire
Chambered Sapphire Crystal | Sapphire
Coated Acrylic | Acrylic
Confex Hard Plexiglass | Acrylic
Confex Hard Plexiglass with a Sapphire Coating | Acrylic
Confex Sapphire | Sapphire
Convew Sapphire | Sapphire
Convex Hard Plexiglass | Acrylic
Convex Hard Plexiglass With Sicralan Coating | Acrylic
Convex Hard Plexiglass with SICRALAN | Acrylic
Convex Hard Plexiglass with SICRALAN Coating | Acrylic
Convex Hard Plexiglass with SICRALAN coating | Acrylic
Convex Hard Plexiglass with Sapphire Coating | Acrylic
Convex Hard Plexiglass with a Coating | Acrylic
Convex Hard Plexiglass with Sicralan Coating | Acrylic
Convex Hard Plexiglass with a SICRALAN | Acrylic
Convex Hard Plexiglass with a SICRALAN Coating | Acrylic
Convex Hard Plexiglass with a SICRALAN coating | Acrylic
Convex Hard Plexiglass with a Sapphire Coating | Acrylic
Convex Hard Plexiglass with a Sapphire Crystal | Acrylic
Convex Hard Plexiglass with a Sicralan Coating | Acrylic
Convex Hard Plexiglass with a Sicralan coating | Acrylic
Convex Plexiglass | Acrylic
Convex Plexiglass with a SICRALAN Coating | Acrylic
Convex Resistant Sapphire Crystal | Sapphire
Convex Resistant Sapphire | Sapphire
Convex Sapphire | Sapphire
Convex Sapphire Crystal | Sapphire
Convex hard Plexiglass with SICRALAN coating | Acrylic
Convex hard plexiglass with SICRALAN coating | Acrylic
Crystal | Mineral
Crystals | Mineral
Curved Hard Plexiglass | Acrylic
Curved Hard Plexiglass with a SICRALAN coated | Acrylic
Curved Hardened Mineral | Mineral
Curved Hardlex Glass | Mineral
Curved Hardlex | Mineral
Curved Mineral | Mineral
Curved Mineral Crystal | Mineral
Curved Sapphire Coated Mineral | Mineral
Curved hardened Mineral | Mineral
Dome Mineral Glass With Sapphire Coating | Mineral
Dome Mineral with Sapphire Coating | Mineral
Domed Acrylic | Acrylic
Domed Anti-reflective Sapphire | Sapphire
Domed Anti-reflective Scratch Resistant Sapphire | Sapphire
Domed Anti-reflective, Scratch Resistant Sapphire | Sapphire
Domed Flame Fushion | Mineral
Domed Flame Fusion | Mineral
Domed K1 | Mineral
Domed K1 Hardened | Mineral
Domed Krysterna | Mineral
Domed Mineral | Mineral
Domed Mineral Glass | Mineral
Domed Plexi Glass | Acrylic
Domed Sapphire | Sapphire
Domed Sapphire Crystal | Sapphire
Domed Scratch Resistant  Antireflective Sapphire | Sapphire
Domed Scratch Resistant Sapphire | Sapphire
Domed hardened Plastic | Acrylic
Domed Scratch Resistant Sapphire  with anti-reflec | Sapphire
Domed scratch-resistant sapphire crystal | Sapphire
Domed scratch-resistant sapphire crystal with anti | Sapphire
Domed, Anti-reflective, Scratch Resistant Sapphire | Sapphire
Domed, scratch-resistant sapphire crystal with ant | Sapphire
Double Antireflective Sapphire | Sapphire
Double Domed Mineral | Mineral
Double Face Anti-Reflective Sapphire | Sapphire
Double Face Anti-reflective Sapphire | Sapphire
Double Face Anti-reflective sapphire | Sapphire
Double antireflective Sapphire | Sapphire
Double antireflective sapphire crystal | Sapphire
Double face Anti-reflective Sapphire | Sapphire
Double face anti-reflective sapphire | Sapphire
Durable mineral | Mineral
Faceted Mineral | Mineral
Fixed bezel set with crystals | Mineral
Flame Fusion | Mineral
Flame Fusion Anti Reflective Coating | Mineral
Flame Fusion Crystal- Anti-Reflective X3 Layers | Mineral
Flame Fusion w/ Triple Layer of Anti Reflective | Mineral
Flame Fusion with Anti-Reflective Coating | Mineral
Flame Fusion with Proctectivd leaver | Mineral
Flame Fusion, Anti Reflective | Mineral
Flame fusion | Mineral
Flame fusion Dome shape | Mineral
Flat Mineral | Mineral
Flat Mineral Crystal | Mineral
Flat Sapphire | Sapphire
Flat Scratch-Resistant Sapphire Crystal | Sapphire
Glare Proof Mineral | Mineral
Flat Scratch-Resistant Sapphire Srystal | Sapphire
Glare Proof Mineral Glass | Mineral
Glareproof Sapphire | Sapphire
Glareproof sapphire | Sapphire
Glareproofed Sapphire | Sapphire
Glass | Mineral
Glass Crystal Box | Mineral
Gorilla Glass | Mineral
Green Sapphire Crystal | Sapphire
Green Tinted Mineral Crystal | Mineral
Hard Plexiglass | Acrylic
Hard Plexiglass with SICRALAN Coating | Acrylic
Hard Plexiglass with Sapphire Coating | Acrylic
Hard Plexiglass with a SICRALAN Coating | Acrylic
Hard Plexiglass with a Sapphire Coating | Acrylic
Hard Plexiglass with a Sicralan Coating | Acrylic
Hardened Anti-reflective Mineral | Mineral
Hardened Domed K1 Crystal | Mineral
Hardened Domed Mineral Glass | Mineral
Hardened K1 Mineral | Mineral
Hardened Mineral | Mineral
Hardened Mineral Crystal | Mineral
Hardened Mineral with Sapphire Coating | Mineral
Hardened Minetal | Mineral
Hardened Plastic Glass | Acrylic
Hardened Polycarbonate | Mineral
Hardened mineral | Mineral
Hardex | Mineral
Hardles | Mineral
Hardlex | Mineral
Hardlex Curved | Mineral
Hesalit | Mineral
Hesalit Crystal | Mineral
Hesalite | Mineral
Hesalite Crystal | Mineral
Inorganic glass | Mineral
Iridescent Crystal | Mineral
Iridescent Mineral | Mineral
Iridescent crystal | Mineral
K-1 | Mineral
K-1 Mineral | Mineral
K1 | Mineral
K1  Sapphire | Mineral
K1 Anti- Reflective | Mineral
K1 Anti-Reflective | Mineral
K1 Anti-Reflective Scratch Resistant | Mineral
K1 Anti- Reflective Scratch Resistant | Mineral
K1 Anti-reflective, Scratch Resistant | Mineral
K1 Crystal | Mineral
K1 Crystals | Mineral
K1 Hardened Mineral | Mineral
K1 Mineral | Mineral
K1 Mineral Glass | Mineral
K1 Mineral Crystal | Mineral
K1 Scratch Resistant Mineral | Mineral
Krysterna | Mineral
Krysterna Crystal | Mineral
LCD Glass | Mineral
Mens: Saphire-Covered Mineral. Ladies Mineral | Mineral
Metalized Domed Mineral Crysta | Mineral
Mienral | Mineral
Mimeral | Mineral
Min eral | Mineral
Mineeral | Mineral
Mineral | Mineral
Mineral  with Sapphire Coating | Mineral
Mineral / Spherical Glass | Mineral
Mineral Crystal | Mineral
Mineral Crystal with Hardened Coating | Mineral
Mineral Crystal with Sapphire Coating | Mineral
Mineral Crystal with Sapphire coating | Mineral
Mineral Crystal with Sapphire Layer | Mineral
Mineral Crystal with Sapphire layer | Mineral
Mineral Crystal with a Hardened Coating | Mineral
Mineral Crystal with a Sapphire Coating | Mineral
Mineral Crystal witha Hardened Coating | Mineral
Mineral Glass | Mineral
Mineral Glass / Spherical Glass | Mineral
Mineral Glass Flat Sapphire | Mineral
Mineral Glass Flat Sapphire Coated | Mineral
Mineral Glass Sapphire Coated | Mineral
Mineral Glass with Blue Anti-reflex Coating | Mineral
Mineral Glass with Blue anti-reflex Coating | Mineral
Mineral Glass with Sapphire Coated | Mineral
Mineral Glass with Sapphire Coating | Mineral
Mineral Glass with Sapphire Treatment | Mineral
Mineral Glass with Sapphire coating | Mineral
Mineral Glass with a Blue Anti-reflex Coating | Mineral
Mineral Glass with a Sapphire Coating | Mineral
Mineral Glass with blue anti-reflex coating | Mineral
Mineral Glass with sapphire coating | Mineral
Mineral Hardened Coating | Mineral
Mineral Lens | Mineral
Mineral Sapphire Coated | Mineral
Mineral Sapphire-Coated | Mineral
Mineral Sapphire Coated Glass | Mineral
Mineral Steel | Mineral
Mineral a with Hardened Coating | Mineral
Mineral crystal with hardened coating | Mineral
Mineral crystal with Sapphire coating | Mineral
Mineral crystal with sapphire coating | Mineral
Mineral crystal, Hesalite crystal | Mineral
Mineral glass with sapphire coating | Mineral
Mineral with Blue anti-reflex Coating | Mineral
Mineral w/ Sapphire Coating | Mineral
Mineral with Hardened Coating | Mineral
Mineral with Hardening coating | Mineral
Mineral with Sapphire Coating | Mineral
Mineral with Sapphire Layer | Mineral
Mineral with Sapphire coating | Mineral
Mineral with Sapphire coating. | Mineral
Mineral with Sapphire layer | Mineral
Mineral with a Blue anti-reflex Coating | Mineral
Mineral with a Hardened Coating | Mineral
Mineral with a Sapphire coating | Mineral
Mineral with anti-reflective coating | Mineral
Mineral with a Sapphire Coating | Mineral
Mineral with hardening coating | Mineral
Mineral with sapphire coating | Mineral
Mineral with sapphire coating. | Mineral
Mineral- Spherical Glass | Mineral
Mineral withSapphire coating | Mineral
Multi-Colored Mineral | Mineral
Nineral | Mineral
Non-Glare Mineral | Mineral
Non-Glare Scratch Resistant Mineral | Mineral
Non-Glare Scratch-Resistant Mineral | Mineral
Non-Reflective Mineral | Mineral
Non-Reflective Sapphire | Sapphire
Orange tinted Hardened Mineral | Mineral
PLastic | Acrylic
PMMA Plastic | Acrylic
Pastic | Acrylic
Pexiglass | Mineral
Plactic | Acrylic
Plas | Acrylic
Plastic | Acrylic
Plastic Plexiglass | Acrylic
Plexi | Acrylic
Plexi-Glass | Acrylic
Plexi-Glass with a Sicralan Coating | Acrylic
Plexi-glass with a Sicralan Coating | Acrylic
Plexiglaee | Acrylic
Plexiglas | Acrylic
Plexiglasds | Acrylic
Plexiglass | Acrylic
Plexiglass with SICRALAN coating | Acrylic
Plexiglass with SICRALAN Coating | Acrylic
Plexiglass with Sapphire Coating | Acrylic
Plexiglass with Sicralan Coating | Acrylic
Plexiglass with Sicralan coating | Acrylic
Plexiglass with a SICRALAN Coating | Acrylic
Plexiglass with a Sicralan Coating | Acrylic
Plexiglass with a Sicralan coating | Acrylic
Plexiglass with an Anti-reflection Coating | Acrylic
Plexy Glass | Acrylic
Plexiglass' | Acrylic
Polyamide | Mineral
Polymide | Mineral
Quartz | Mineral
Red Crystal Lens | Mineral
Red Mineral | Mineral
Reflective Mineral | Mineral
Reinforced Mineral | Mineral
Reinforced Mineral Crystal | Mineral
Reinforced Mineral K1 | Mineral
Reinforced Mineral K1 with Sapphire Coating | Mineral
Reinforced Mineral K1, with Sapphire Coating | Mineral
Resin Glass | Mineral
Rounded Mineral Crystal | Mineral
SAPPHITEK Crystal | Sapphire
Saphire | Sapphire
Saphhire | Sapphire
Sapphie | Sapphire
Sapphire | Sapphire
Sapphire - Anti Reflective | Sapphire
Sapphire - Anti-reflective | Sapphire
Sapphire - Scratch Resistant | Sapphire
Sapphire Coated | Mineral
Sapphire Coated  Mineral | Mineral
Sapphire Coated Crystal | Mineral
Sapphire Coated Flat Mineral | Mineral
Sapphire Coated Flat Mineral Glass | Mineral
Sapphire Coated Glass | Mineral
Sapphire Coated Mineral | Mineral
Sapphire Coated Mineral Glass | Mineral
Sapphire Cryst | Sapphire
Sapphire Crystal | Sapphire
Sapphire Crystal Scratch Resistant | Sapphire
Sapphire Crystal with Antireflex Treatment | Sapphire
Sapphire Glass | Sapphire
Sapphire Glass Scratch Anti Resistant | Sapphire
Sapphire Made of Corundum | Sapphire
Sapphire Lens | Sapphire
Sapphire Scratch Resistant | Sapphire
Sapphire With Antiglare Treatment | Sapphire
Sapphire cabochon | Sapphire
Sapphire coated  mineral | Mineral
Sapphire coated Mineral | Mineral
Sapphire coated Mineral Glass | Mineral
Sapphire coated mineral | Mineral
Sapphire coated mineral Glass | Mineral
Sapphire crystal formed of corundum | Sapphire
Sapphire formed of Corundum | Sapphire
Sapphire formed of corundum | Sapphire
Sapphire with Anti-reflective Treatment | Sapphire
Sapphire with anti-reflective treatment | Sapphire
Sapphire with antiglare treatment | Sapphire
Sapphire with interior/exterior anti-reflection tr | Sapphire
Sapphire, Anti-Reflective | Sapphire
Sapphire, Glareproofed | Sapphire
Sapphire, Antiglare | Sapphire
Sapphire, domed on both sides, anti-reflective coa | Sapphire
Sapphire-Coated | Mineral
Sapphire-Coated Krysterna | Mineral
Sapphire-Coated Mineral | Mineral
Sapphire-Coated Mineral Crystal | Mineral
Sapphire-Coated Minetal | Mineral
Sapphire-Layered Mineral | Mineral
Sapphire-coated Mineral | Mineral
Sapphire-coated curved | Mineral
Sapphire-coated curved mineral | Mineral
Sapphire-coated mineral | Mineral
Sapphiree | Sapphire
Sapphirev | Sapphire
Sapphite | Sapphire
Sapphitek | Sapphire
Sapphitek Crystal | Sapphire
Sapphrie | Sapphire
Sappihre | Sapphire
Sappire | Sapphire
Sappitek | Mineral
Sappphire | Sapphire
Scratch Convex Resistant Sapphire | Sapphire
Scratch Reistant Sapphire | Sapphire
Scratch Resistant  Anti-reflective Sapphire | Sapphire
Scratch Resistant  Flame Fusion | Mineral
Scratch Resistant  Touch-sensitive Sapphire | Sapphire
Scratch Resistant (Edge-to-Edge) Mineral | Mineral
Scratch Resistant (Multi-hued Iridescent) Mineral | Mineral
Scratch Resistant (TV Screen) Sapphire | Sapphire
Scratch Resistant Acrylic | Acrylic
Scratch Resistant Amber  Mineral | Mineral
Scratch Resistant Amber Mineral | Mineral
Scratch Resistant Amber-tinted Mineral | Mineral
Scratch Resistant Anti-Reflective K1 | Mineral
Scratch Resistant Anti-Reflective Sapphire | Sapphire
Scratch Resistant Anti-reflective Sapphire | Sapphire
Scratch Resistant Anti-reflectiveSapphire | Sapphire
Scratch Resistant Antireflective Sapphire | Sapphire
Scratch Resistant Arcylic | Acrylic
Scratch Resistant Blue Mineral | Mineral
Scratch Resistant Blue Tinged Mineral | Mineral
Scratch Resistant Blue-Tinted Mineral | Mineral
Scratch Resistant Blue-tint Mineral | Mineral
Scratch Resistant Convex Mineral | Mineral
Scratch Resistant Convex Sapphire | Sapphire
Scratch Resistant Domed Mineral | Mineral
Scratch Resistant Domed Sapphire | Sapphire
Scratch Resistant Flame Fusion | Mineral
Scratch Resistant Flmae fusion | Mineral
Scratch Resistant Glareproof Sapphire | Sapphire
Scratch Resistant Green Mineral | Mineral
Scratch Resistant Hard Plexiglass | Acrylic
Scratch Resistant Hardened K1 | Mineral
Scratch Resistant Hardened Mineral | Mineral
Scratch Resistant Hardlex | Mineral
Scratch Resistant Hesalite | Mineral
Scratch Resistant Hesalite Crystal | Mineral
Scratch Resistant Iridescent Mineral | Mineral
Scratch Resistant Irridescent Mineral | Mineral
Scratch Resistant K! | Mineral
Scratch Resistant K1 | Mineral
Scratch Resistant K1 Hardlex | Mineral
Scratch Resistant K1 Mineral | Mineral
Scratch Resistant K1 Mineral Crystal | Mineral
Scratch Resistant K1 mineral | Mineral
Scratch Resistant K1Mineral | Mineral
Scratch Resistant Krysterna | Mineral
Scratch Resistant Light Gold Mineral | Mineral
Scratch Resistant Magnifier Mineral | Mineral
Scratch Resistant Mineral | Mineral
Scratch Resistant Mineral K1 | Mineral
Scratch Resistant Mineral with orange tint | Mineral
Scratch Resistant Mineral, Green-Tinted | Mineral
Scratch Resistant Plexiglas | Acrylic
Scratch Resistant Plexiglass | Acrylic
Scratch Resistant Reinforced Mineral | Mineral
Scratch Resistant Sapphier | Sapphire
Scratch Resistant Sapphire | Sapphire
Scratch Resistant Sapphire - antiglare treatmen | Sapphire
Scratch Resistant Sapphire Anti Reflective | Sapphire
Scratch Resistant Sapphire Coated | Mineral
Scratch Resistant Sapphire Coated Mineral | Mineral
Scratch Resistant Sapphire Touch | Sapphire
Scratch Resistant Sapphire coated Mineral | Mineral
Scratch Resistant Sapphire with Anti-Reflective Tr | Sapphire
Scratch Resistant Sapphire with Arabic Numerals (i | Sapphire
Scratch Resistant Sapphire with Frosted Color Trea | Sapphire
Scratch Resistant Sapphire, anti-glare treatment | Sapphire
Scratch Resistant Sapphire- Coated Minetal | Mineral
Scratch Resistant Sapphire-Coated | Mineral
Scratch Resistant Sapphire-Coated Crystal | Mineral
Scratch Resistant Sapphire-Coated Mineral | Mineral
Scratch Resistant Sapphire-Coated Minertal | Mineral
Scratch Resistant Sapphire-Coated Minetal | Mineral
Scratch Resistant Sapphire-coated Mineral | Mineral
Scratch Resistant Sapphitek | Sapphire
Scratch Resistant Scratch Resistant Sapphire | Sapphire
Scratch Resistant Scratch Resistant Sapphire Cryst | Sapphire
Scratch Resistant Stnthetic Sapphire | Sapphire
Scratch Resistant Synthetic Sapphire | Sapphire
Scratch Resistant TV Screen Sapphire | Sapphire
Scratch Resistant Tactile Sapphire | Sapphire
Scratch Resistant Tinted Mineral | Mineral
Scratch Resistant Touch Screen Sapphire | Sapphire
Scratch Resistant Touchscreen Mineral | Mineral
Scratch Resistant and Anti-reflective Sapphire | Sapphire
Scratch Resistant plexiglas | Acrylic
Scratch Resistant sapphire | Sapphire
Scratch Resistant, Anti-reflective Sapphire | Sapphire
Scratch Resitant Sapphire | Sapphire
Scratch resistant Flame Fusion | Mineral
Scratch resistant Hardlex | Mineral
Scratch resistant K1 mineral | Mineral
Scratch resistant Sapphire | Sapphire
Scratch resistant Sapphire anti-reflective | Sapphire
Scratch resistant flame fusion | Mineral
Scratch resistant mineral | Mineral
Scratch resistant mineral acrylic | Acrylic
Scratch resistant mineral with anti-reflective coa | Mineral
Scratch resistant plastic | Acrylic
Scratch resistant sapphire | Sapphire
Scratch-Resistant Sapphimax | Sapphire
Scratch-resistant Beveled Mineral Crystal | Mineral
Scratch-resistant sapphire crystal | Sapphire
Shatter Resistant Krysterna | Mineral
Shatter resistant Krysterna | Mineral
Shatter-resistant Krysterna | Mineral
ShatterResistant Krysterna | Mineral
Shock Resistant Mineral | Mineral
Solid  Sapphire | Sapphire
Solidified Crystal Mineral | Mineral
Specially Hardened Domed Mineral | Mineral
Spectrum Glass | Mineral
Spherical Crystal | Mineral
Spherical Glass | Mineral
Spphire | Sapphire
Ssapphire | Sapphire
Super Harden Mineral | Mineral
Synthethic Sapphire | Sapphire
Syntheti cMineral | Mineral
Synthetic Mineral | Mineral
Synthetic Saphire | Sapphire
Synthetic Sapphire | Sapphire
Synthetic Sapphirre | Sapphire
Synthetic mineral | Mineral
Synthetic sapphire | Sapphire
Sythnetic Sapphire | Sapphire
TV Screen Anti-reflective Sapphire | Sapphire
Tactile Sapphire | Sapphire
Tactile Sapphire Crystal | Sapphire
Tactile Scratch Resistant Sapphire | Sapphire
Tactile Scratch Resistant Sapphire Crystal | Sapphire
Tactile Scratch-Resistant Sapphire | Sapphire
Tactile Scratch-Resistant Sapphire Crystal | Sapphire
Tactile Scratch-resistant Sapphire Crystal | Sapphire
Tactile scratch-resistant Sapphire | Sapphire
TapScreen Technology Mineral | Mineral
Tinted Flame Fusion | Mineral
Tinted Mineral | Mineral
Tinted Mineral Crystal | Mineral
Tinted Minerall | Mineral
Touchscreen Scratch Resistant Mineral | Mineral
Triple Anti-reflective Flame Fusion | Mineral
Triple Layer of Anti Reflective Flame Fusion | Mineral
Triple Layered Anti-reflective Coated Flame Fusion | Mineral
Triple layered Anti-Reflective Coated Flame Fusion | Mineral
Triple-coated Anti-reflective Sapphire | Sapphire
Ultra-Domed Plexi Crystal | Acrylic
antireflective-sapphire | Sapphire
cambered sapphire | Sapphire
cambered sapphire crystal with anti-reflective coa | Sapphire
decorated sapphire | Sapphire
flame fusion | Mineral
ouble Curved Mineral | Mineral
plexiglass | Acrylic
raised acrylic crystal | Acrylic
synthetic-sapphire | Sapphire

Acrylate, NOT MAPPED >>> acrylic
Anti-reflective with magnifier, NOT MAPPED >>> Mineral
Triple-coated Anti-reflective Sa, NOT MAPPED >>> Saphhire
Perspex, NOT MAPPED >>> acrylic
Scratch Resistant Titan, NOT MAPPED
Luxury, NOT MAPPED
Not Water Resistant, NOT MAPPED
Resistant, NOT MAPPED
Round, NOT MAPPED
Scratch, NOT MAPPED
Scratch Resistant Touchscreen, NOT MAPPED
Scratch Resistant triple-coated. anti-reflective s, NOT MAPPED
Silver-tone, NOT MAPPED
Spherical, NOT MAPPED
Titan, NOT MAPPED
seven floating dials, NOT MAPPED
