Anit-glare Sapphire | Anti Reflective
Ant-Reflective Mineral | Anti Reflective
Ant-reflective Scratch Resistant Sapphire | Anti Reflective
Anti Reflective Scratch Resistant Sapphire | Anti Reflective
Anti-Reflective Flame Fusion | Anti Reflective
Anti-Reflective Flame Fusion Crystal | Anti Reflective
Anti-Reflective K1 | Anti Reflective
Anti-Reflective Mineral | Anti Reflective
Anti-Reflective Mineral Crystal | Anti Reflective
Anti-Reflective Sapphire | Anti Reflective
Anti-Reflective Sapphitek | Anti Reflective
Anti-Reflective Scratch Resistant K1 | Anti Reflective
Anti-Reflective Scratch Resistant Sapphire | Anti Reflective
Anti-Reflective sapphire | Anti Reflective
Anti-Reflective, Scratch Resistant Sapphire | Anti Reflective
Anti-Refllective, Scratch Resistant Sapphire | Anti Reflective
Anti-eflective Scratch Resistant Sapphire | Anti Reflective
Anti-glare Sapphire | Anti Reflective
Anti-glare Scratch Resistant Sapphire | Anti Reflective
Anti-reflctive Scratch Resistant Sapphire | Anti Reflective
Anti-reflectice Scratch Resistant Sapphire | Anti Reflective
Anti-reflective Flame Fusion | Anti Reflective
Anti-reflective Mineral | Anti Reflective
Anti-reflective Plexiglass | Anti Reflective
Anti-reflective Sapphire | Anti Reflective
Anti-reflective Scratch Resistant Sapphire | Anti Reflective
Anti-reflective mineral crystal | Anti Reflective
Anti-reflective sapphire | Anti Reflective
Anti-reflective with magnifier | Anti Reflective
Anti-reflectiveScratch Resistant Sapphire | Anti Reflective
Antiglare Mineral | Anti Reflective
Antireflective Sapphire | Anti Reflective
Antireflective-sapphire | Anti Reflective
Antireflex Sapphire | Anti Reflective
Cambered Glareproof Sapphire | Anti Reflective
Cambered Glareproofed Sapphire | Anti Reflective
Cambered Glareproofed Sappphire | Anti Reflective
Cambered Saphire, Glareproof | Anti Reflective
Cambered Sapphire, Glareproof | Anti Reflective
Cambered Sapphire, Glareproofed both sides | Both Side Anti Reflective
Cambered sapphire with anti-reflective coating on | Anti Reflective
Cambered sapphire, glareproofed both sides | Both Side Anti Reflective
Confex Hard Plexiglass with a Sapphire Coating | Sapphire
Convex Hard Plexiglass with Sapphire Coating | Sapphire
Convex Hard Plexiglass with a Sapphire Coating | Sapphire
Curved Sapphire Coated Mineral | Sapphire
Dome Mineral Glass With Sapphire Coating | Sapphire
Dome Mineral with Sapphire Coating | Sapphire
Domed Anti-reflective Sapphire | Anti Reflective
Domed Anti-reflective Scratch Resistant Sapphire | Anti Reflective
Domed Anti-reflective, Scratch Resistant Sapphire | Anti Reflective
Domed Scratch Resistant  Antireflective Sapphire | Anti Reflective
Domed, Anti-reflective, Scratch Resistant Sapphire | Anti Reflective
Double Antireflective Sapphire | Both Side Anti Reflective
Double Face Anti-Reflective Sapphire | Both Side Anti Reflective
Double Face Anti-reflective Sapphire | Both Side Anti Reflective
Double antireflective Sapphire | Both Side Anti Reflective
Double antireflective sapphire crystal | Both Side Anti Reflective
Double face Anti-reflective Sapphire | Both Side Anti Reflective
Double face anti-reflective sapphire | Both Side Anti Reflective
Double Face Anti-reflective sapphire | Both Side Anti Reflective
Flame Fusion Anti Reflective Coating | Anti Reflective
Flame Fusion Crystal- Anti-Reflective X3 Layers | Anti Reflective
Flame Fusion w/ Triple Layer of Anti Reflective | Anti Reflective
Flame Fusion with Anti-Reflective Coating | Anti Reflective
Flame Fusion, Anti Reflective | Anti Reflective
Glare Proof Mineral | Anti Reflective
Glare Proof Mineral Glass | Anti Reflective
Glareproof Sapphire | Anti Reflective
Glareproof sapphire | Anti Reflective
Glareproofed Sapphire | Anti Reflective
Hard Plexiglass with Sapphire Coating | Sapphire
Hard Plexiglass with a Sapphire Coating | Sapphire
Hardened Anti-reflective Mineral | Anti Reflective
Hardened Mineral with Sapphire Coating | Sapphire
K1 Anti- Reflective | Anti Reflective
K1 Anti- Reflective Scratch Resistant | Anti Reflective
K1 Anti-Reflective | Anti Reflective
K1 Anti-Reflective Scratch Resistant | Anti Reflective
K1 Anti-reflective, Scratch Resistant | Anti Reflective
Mineral  with Sapphire Coating | Sapphire
Mineral Crystal with Sapphire Coating | Sapphire
Mineral Crystal with Sapphire Layer | Sapphire
Mineral Crystal with Sapphire coating | Sapphire
Mineral Crystal with Sapphire layer | Sapphire
Mineral Crystal with a Sapphire Coating | Sapphire
Mineral Glass Flat Sapphire Coated | Sapphire
Mineral Glass Sapphire Coated | Sapphire
Mineral Glass with Blue Anti-reflex Coating | Anti Reflective
Mineral Glass with Blue anti-reflex Coating | Anti Reflective
Mineral Glass with Sapphire Coated | Sapphire
Mineral Glass with Sapphire Coating | Sapphire
Mineral Glass with Sapphire Treatment | Sapphire
Mineral Glass with Sapphire coating | Sapphire
Mineral Glass with a Blue Anti-reflex Coating | Anti Reflective
Mineral Glass with a Sapphire Coating | Sapphire
Mineral Glass with blue anti-reflex coating | Anti Reflective
Mineral Glass with sapphire coating | Sapphire
Mineral Sapphire Coated | Sapphire
Mineral Sapphire Coated Glass | Sapphire
Mineral Sapphire-Coated | Sapphire
Mineral crystal with Sapphire coating | Sapphire
Mineral crystal with sapphire coating | Sapphire
Mineral glass with sapphire coating | Sapphire
Mineral w/ Sapphire Coating | Sapphire
Mineral with Blue anti-reflex Coating | Anti Reflective
Mineral with Sapphire Coating | Sapphire
Mineral with Sapphire Layer | Sapphire
Mineral with Sapphire coating | Sapphire
Mineral with Sapphire coating. | Sapphire
Mineral with Sapphire layer | Sapphire
Mineral with a Blue anti-reflex Coating | Anti Reflective
Mineral with a Sapphire Coating | Sapphire
Mineral with a Sapphire coating | Sapphire
Mineral with anti-reflective coating | Anti Reflective
Mineral with sapphire coating | Sapphire
Mineral with sapphire coating. | Sapphire
Mineral withSapphire coating | Sapphire
Non-Glare Mineral | Anti Reflective
Non-Glare Scratch Resistant Mineral | Anti Reflective
Non-Reflective Mineral | Anti Reflective
Non-Glare Scratch-Resistant Mineral | Anti Reflective
Non-Reflective Sapphire | Anti Reflective
Plexiglass with Sapphire Coating | Sapphire
Plexiglass with an Anti-reflection Coating | Anti Reflective
Reinforced Mineral K1 with Sapphire Coating | Sapphire
Reinforced Mineral K1, with Sapphire Coating | Sapphire
Sapphire - Anti Reflective | Anti Reflective
Sapphire - Anti-reflective | Anti Reflective
Sapphire Coated | Sapphire
Sapphire Coated  Mineral | Sapphire
Sapphire Coated Crystal | Sapphire
Sapphire Coated Flat Mineral | Sapphire
Sapphire Coated Flat Mineral Glass | Sapphire
Sapphire Coated Glass | Sapphire
Sapphire Coated Mineral | Sapphire
Sapphire Coated Mineral Glass | Sapphire
Sapphire Crystal with Antireflex Treatment | Anti Reflective
Sapphire With Antiglare Treatment | Anti Reflective
Sapphire coated Mineral | Sapphire
Sapphire coated  mineral | Sapphire
Sapphire coated Mineral Glass | Sapphire
Sapphire coated mineral | Sapphire
Sapphire coated mineral Glass | Sapphire
Sapphire with Anti-reflective Treatment | Anti Reflective
Sapphire with anti-reflective treatment | Anti Reflective
Sapphire with antiglare treatment | Anti Reflective
Sapphire with interior/exterior anti-reflection tr | Both Side Anti Reflective
Sapphire, Anti-Reflective | Anti Reflective
Sapphire, Antiglare | Anti Reflective
Sapphire, Glareproofed | Anti Reflective
Sapphire, domed on both sides, anti-reflective coa | Both Side Anti Reflective
Sapphire-Coated | Sapphire
Sapphire-Coated Krysterna | Sapphire
Sapphire-Coated Mineral | Sapphire
Sapphire-Coated Mineral Crystal | Sapphire
Sapphire-Coated Minetal | Sapphire
Sapphire-Layered Mineral | Sapphire
Sapphire-coated Mineral | Sapphire
Sapphire-coated curved | Sapphire
Sapphire-coated curved mineral | Sapphire
Sapphire-coated mineral | Sapphire
Scratch Resistant  Anti-reflective Sapphire | Anti Reflective
Scratch Resistant Anti-Reflective K1 | Anti Reflective
Scratch Resistant Anti-Reflective Sapphire | Anti Reflective
Scratch Resistant Anti-reflective Sapphire | Anti Reflective
Scratch Resistant Anti-reflectiveSapphire | Anti Reflective
Scratch Resistant Antireflective Sapphire | Anti Reflective
Scratch Resistant Glareproof Sapphire | Anti Reflective
Scratch Resistant Sapphire - antiglare treatmen | Anti Reflective
Scratch Resistant Sapphire Anti Reflective | Anti Reflective
Scratch Resistant Sapphire Coated | Sapphire
Scratch Resistant Sapphire Coated Mineral | Sapphire
Scratch Resistant Sapphire coated Mineral | Sapphire
Scratch Resistant Sapphire with Anti-Reflective Tr | Anti Reflective
Scratch Resistant Sapphire, anti-glare treatment | Anti Reflective
Scratch Resistant Sapphire- Coated Minetal | Sapphire
Scratch Resistant Sapphire-Coated | Sapphire
Scratch Resistant Sapphire-Coated Crystal | Sapphire
Scratch Resistant Sapphire-Coated Mineral | Sapphire
Scratch Resistant Sapphire-Coated Minertal | Sapphire
Scratch Resistant Sapphire-Coated Minetal | Sapphire
Scratch Resistant Sapphire-coated Mineral | Sapphire
Scratch Resistant and Anti-reflective Sapphire | Anti Reflective
Scratch Resistant triple-coated. anti-reflective s | Anti Reflective
Scratch Resistant, Anti-reflective Sapphire | Anti Reflective
Scratch resistant Sapphire anti-reflective | Anti Reflective
Scratch resistant mineral with anti-reflective coa | Anti Reflective
TV Screen Anti-reflective Sapphire | Anti Reflective
Triple Anti-reflective Flame Fusion | Anti Reflective
Triple Layer of Anti Reflective Flame Fusion | Anti Reflective
Triple Layered Anti-reflective Coated Flame Fusion | Anti Reflective
Triple layered Anti-Reflective Coated Flame Fusion | Anti Reflective
Triple-coated Anti-reflective Sa | Anti Reflective
Triple-coated Anti-reflective Sapphire | Anti Reflective
antireflective-sapphire | Anti Reflective
cambered sapphire crystal with anti-reflective coa | Anti Reflective
